1f28611636a0b7b001cc9e51fe4a48fd4b0fd426,lod/zookeepr,lod,zookeepr,master,zkpylons/tests/functional/crud_helper.py,.py,22993,3,12867228,2,,https://stackoverflow.com/a/12867228,"https://raw.githubusercontent.com/lod/zookeepr/master/zkpylons/tests/functional/crud_helper.py
"
7106924934501fd4035efe78678281020328acc5,liulin1234/webstorm,liulin1234,webstorm,master,WebStormTrain/test/babel/node_modules/debug/src/browser.js,.js,4734,6016,398120,2,,https://stackoverflow.com/a/398120,"https://raw.githubusercontent.com/liulin1234/webstorm/master/WebStormTrain/test/babel/node_modules/debug/src/browser.js
"
cf9ca90a6c640e04d9ae37fd7d79cb94c9aee4eb,lnc2014/sxg,lnc2014,sxg,master,static/js/uncompressed/jqGrid/jquery.jqGrid.js,.js,460093,768,6700,2,,https://stackoverflow.com/a/6700,"https://raw.githubusercontent.com/lnc2014/sxg/master/static/js/uncompressed/jqGrid/jquery.jqGrid.js
"
10c9fb73d75268107f8273ebbb83aaae361d2a85,lnc2014/sxg,lnc2014,sxg,master,static/js/prettify.js,.js,63320,3660,451486,1,,https://stackoverflow.com/q/451486,"https://raw.githubusercontent.com/lnc2014/sxg/master/static/js/prettify.js
"
2b07d94d2d6e0a3431e9fac804066ec8260bf752,lnc2014/sxg,lnc2014,sxg,master,static/js/uncompressed/ace-elements.js,.js,57482,16,13351234,2,,https://stackoverflow.com/a/13351234,"https://raw.githubusercontent.com/lnc2014/sxg/master/static/js/uncompressed/ace-elements.js
"
6b44d2d17034c431f2c6fb78408013181553eb8b,lnc2014/sxg,lnc2014,sxg,master,ace-v1.3/docs/assets/js/rainbow.js,.js,26355,30,1985594,1,,https://stackoverflow.com/q/1985594,"https://raw.githubusercontent.com/lnc2014/sxg/master/ace-v1.3/docs/assets/js/rainbow.js
"
dd8138568e29426a6219d36a938124b5c6a4f161,LisgarComputingClub/Online-Judge,LisgarComputingClub,Online-Judge,master,public/bootstrap-editable/js/bootstrap-editable.js,.js,231292,8724,7410348,1,,https://stackoverflow.com/q/7410348,"https://raw.githubusercontent.com/LisgarComputingClub/Online-Judge/master/public/bootstrap-editable/js/bootstrap-editable.js
"
9ded11bb4982a21513a13c903fbef5c12a4ef548,LinxHQ/linxbooks,LinxHQ,linxbooks,master,linxone-beta/protected/extensions/x-editable/assets/jqueryui-editable/js/jqueryui-editable.js,.js,168422,4236,10119793,1,,https://stackoverflow.com/q/10119793,"https://raw.githubusercontent.com/LinxHQ/linxbooks/master/linxone-beta/protected/extensions/x-editable/assets/jqueryui-editable/js/jqueryui-editable.js
"
6a0559d58133a8ad26660c333fd458ebe5ebbccf,llarreta/larretasources,llarreta,larretasources,master,AngularCommons/node_modules/minimist/index.js,.js,7189,19690,1068308,2,,https://stackoverflow.com/a/1068308,"https://raw.githubusercontent.com/llarreta/larretasources/master/AngularCommons/node_modules/minimist/index.js
"
66c8fd423e2ca883d158d58301b3ff0c44eb7bda,llarreta/larretasources,llarreta,larretasources,master,AngularCommons/node_modules/socket.io-client/socket.io.js,.js,184245,819,16459606,2,,https://stackoverflow.com/a/16459606,"https://raw.githubusercontent.com/llarreta/larretasources/master/AngularCommons/node_modules/socket.io-client/socket.io.js
"
66c8fd423e2ca883d158d58301b3ff0c44eb7bda,llarreta/larretasources,llarreta,larretasources,master,AngularCommons/node_modules/socket.io-client/socket.io.js,.js,184245,819,13216903,1,,https://stackoverflow.com/q/13216903,"https://raw.githubusercontent.com/llarreta/larretasources/master/AngularCommons/node_modules/socket.io-client/socket.io.js
"
908119b277742b1479c6107701d0cc9c4cb7d9cd,liuboshuo/myWebSites,liuboshuo,myWebSites,master,web/Res/angularjs.js,.js,867144,2,472729,2,,https://stackoverflow.com/a/472729,"https://raw.githubusercontent.com/liuboshuo/myWebSites/master/web/Res/angularjs.js
"
702f87c600958d74ceeb470d021320b8c17a3d6c,lixiangning888/whole_project,lixiangning888,whole_project,master,lib/cuckoo/common/utils.py,.py,54378,3,372365,1,,https://stackoverflow.com/q/372365,"https://raw.githubusercontent.com/lixiangning888/whole_project/master/lib/cuckoo/common/utils.py
"
dc5da6e1f10240459ac1ed2aa26b6fb503a523fc,liyocee/angular-grid,liyocee,angular-grid,master,dist/angular-grid.js,.js,448562,402,9847580,1,,https://stackoverflow.com/q/9847580,"https://raw.githubusercontent.com/liyocee/angular-grid/master/dist/angular-grid.js
"
dc5da6e1f10240459ac1ed2aa26b6fb503a523fc,liyocee/angular-grid,liyocee,angular-grid,master,dist/angular-grid.js,.js,448562,402,384286,1,,https://stackoverflow.com/q/384286,"https://raw.githubusercontent.com/liyocee/angular-grid/master/dist/angular-grid.js
"
ba2619c23eae759f23fd318c25b328d7a057a8fe,linsalrob/EdwardsLab,linsalrob,EdwardsLab,master,venv/lib/python3.6/site-packages/pip/_vendor/pyparsing.py,.py,225348,17,267399,1,,https://stackoverflow.com/q/267399,"https://raw.githubusercontent.com/linsalrob/EdwardsLab/master/venv/lib/python3.6/site-packages/pip/_vendor/pyparsing.py
"
6068446bf88053f7bebf7656721f08720878f928,lizzha/azure-linux-extensions,lizzha,azure-linux-extensions,master,Common/libpsutil/py2.6-glibc-2.12-pre/psutil/_pswindows.py,.py,15618,37,3112546,1,,https://stackoverflow.com/q/3112546,"https://raw.githubusercontent.com/lizzha/azure-linux-extensions/master/Common/libpsutil/py2.6-glibc-2.12-pre/psutil/_pswindows.py
"
868eca6a23a6e5c99ea3437ee8f01ca4ee55b17e,locomotivapro/spree,locomotivapro,spree,master,backend/vendor/assets/javascripts/velocity.js,.js,214417,453,10417962,2,,https://stackoverflow.com/a/10417962,"https://raw.githubusercontent.com/locomotivapro/spree/master/backend/vendor/assets/javascripts/velocity.js
"
e2bc4a1216ee78c6f96f4f0810093639e269a980,logsearch/logsearch-for-cloudfoundry,logsearch,logsearch-for-cloudfoundry,master,src/kibana-cf_authentication/node_modules/joi/node_modules/moment/min/moment-with-locales.js,.js,370101,2986,181348,1,,https://stackoverflow.com/q/181348,"https://raw.githubusercontent.com/logsearch/logsearch-for-cloudfoundry/master/src/kibana-cf_authentication/node_modules/joi/node_modules/moment/min/moment-with-locales.js
"
0d57412351bb2db01eb63ecbe996f2b9c9805caf,linjoey/ncbi-eutils,linjoey,ncbi-eutils,master,ncbi-eutils.js,.js,511152,1,22747272,2,,https://stackoverflow.com/a/22747272,"https://raw.githubusercontent.com/linjoey/ncbi-eutils/master/ncbi-eutils.js
"
8ce5118f2ec957094af7e8a72f1bdf4d19eb3abf,LinxHQ/LinxCloud,LinxHQ,LinxCloud,master,protected/models/Utilities.php,.php,18817,1,12538358,1,,https://stackoverflow.com/q/12538358,"https://raw.githubusercontent.com/LinxHQ/LinxCloud/master/protected/models/Utilities.php
"
91f76515b80ed6e59e5cf2c4178cac7c833cc969,LinkedOpenData/challenge2015,LinkedOpenData,challenge2015,master,docs/concrete5/updates/concrete5.7.5.1_remote_updater/concrete/js/build/vendor/bootstrap-editable/bootstrap3-editable.js,.js,223690,426,10119793,1,,https://stackoverflow.com/q/10119793,"https://raw.githubusercontent.com/LinkedOpenData/challenge2015/master/docs/concrete5/updates/concrete5.7.5.1_remote_updater/concrete/js/build/vendor/bootstrap-editable/bootstrap3-editable.js
"
9458a4f3e13b4b774da11f498110b89db11396c4,listingslab/diamonddiving.net,listingslab,diamonddiving.net,master,wp-content/plugins/file-gallery/js/file-gallery.js,.js,62023,2,7110353,1,,https://stackoverflow.com/q/7110353,"https://raw.githubusercontent.com/listingslab/diamonddiving.net/master/wp-content/plugins/file-gallery/js/file-gallery.js
"
2f26beed693cd067b08c1447a7576474824e0407,lo-cszeto/angular-exp,lo-cszeto,angular-exp,master,bower_components/angular/angular.js,.js,756488,1685,472729,2,,https://stackoverflow.com/a/472729,"https://raw.githubusercontent.com/lo-cszeto/angular-exp/master/bower_components/angular/angular.js
"
ee783acea8c8b6ad46b9909f366b806c24e1762f,LittleLazyCat/TXEYXXK,LittleLazyCat,TXEYXXK,master,2017workspace/EasyReport1.0/easyreport-web/src/main/webapp/assets/js/plugins/tablesorter/extras/jquery.quicksearch.js,.js,4465,17474,20342203,1,,https://stackoverflow.com/q/20342203,"https://raw.githubusercontent.com/LittleLazyCat/TXEYXXK/master/2017workspace/EasyReport1.0/easyreport-web/src/main/webapp/assets/js/plugins/tablesorter/extras/jquery.quicksearch.js
"
b00f3f2b58cd918fe15213fae328f9ec4c474a87,liunian/compatibility-detector,liunian,compatibility-detector,master,src/framework.js,.js,83898,4,280634,1,,https://stackoverflow.com/q/280634,"https://raw.githubusercontent.com/liunian/compatibility-detector/master/src/framework.js
"
c1acc52003b4ad425a25d94f5bd97842c32fd73e,littledogboy/zulip,littledogboy,zulip,master,static/third/sockjs/sockjs-0.3.4.js,.js,77471,177,1641507,1,,https://stackoverflow.com/q/1641507,"https://raw.githubusercontent.com/littledogboy/zulip/master/static/third/sockjs/sockjs-0.3.4.js
"
3da3e9e40920f78916d6ac1c4bd194bae76ce803,littledogboy/zulip,littledogboy,zulip,master,zerver/lib/timeout.py,.py,3045,234,325528,2,,https://stackoverflow.com/a/325528,"https://raw.githubusercontent.com/littledogboy/zulip/master/zerver/lib/timeout.py
"
8ac67eb31737c297e11603fb7643d22751d4319b,littledogboy/zulip,littledogboy,zulip,master,node_modules/handlebars/node_modules/optimist/index.js,.js,13900,12647,1068308,2,,https://stackoverflow.com/a/1068308,"https://raw.githubusercontent.com/littledogboy/zulip/master/node_modules/handlebars/node_modules/optimist/index.js
"
6966c0993b02aeaaa274942a6c040d7a1d9c5e1c,linmingling/demo,linmingling,demo,master,zt/puruika/js/javascript.fullPage.js,.js,70141,511,22100853,1,,https://stackoverflow.com/q/22100853,"https://raw.githubusercontent.com/linmingling/demo/master/zt/puruika/js/javascript.fullPage.js
"
6966c0993b02aeaaa274942a6c040d7a1d9c5e1c,linmingling/demo,linmingling,demo,master,zt/puruika/js/javascript.fullPage.js,.js,70141,511,16136789,2,,https://stackoverflow.com/a/16136789,"https://raw.githubusercontent.com/linmingling/demo/master/zt/puruika/js/javascript.fullPage.js
"
e488352b2f5262f454214cbf8e336d11f7874f5f,logancodes/esm-server,logancodes,esm-server,master,public/assimilated/ng-table/docs/app/vendor/angular/angular.js,.js,960560,4708,472729,2,,https://stackoverflow.com/a/472729,"https://raw.githubusercontent.com/logancodes/esm-server/master/public/assimilated/ng-table/docs/app/vendor/angular/angular.js
"
202450ae3dcce609dd955220e4132af08dbb0ad2,Logiks/Logiks-Core,Logiks,Logiks-Core,master,misc/themes/default/js/moment.js,.js,348978,2182,3561493,1,,https://stackoverflow.com/q/3561493,"https://raw.githubusercontent.com/Logiks/Logiks-Core/master/misc/themes/default/js/moment.js
"
6268ce2adab60ca9e6cb1963c594dd4e5fd4dc9e,lmihaidaniel/kPlayer,lmihaidaniel,kPlayer,master,lib/helpers/cancelAudioNetworkRequest.js,.js,881,1,32231579,1,,https://stackoverflow.com/q/32231579,"https://raw.githubusercontent.com/lmihaidaniel/kPlayer/master/lib/helpers/cancelAudioNetworkRequest.js
"
315f09282e0cb3bf764ab6bface329bb6b9ba9a2,lloydz/integle_sdes,lloydz,integle_sdes,master,vendor/yiisoft/yii2/db/mysql/QueryBuilder.php,.php,11748,37,271650,2,,https://stackoverflow.com/a/271650,"https://raw.githubusercontent.com/lloydz/integle_sdes/master/vendor/yiisoft/yii2/db/mysql/QueryBuilder.php
"
04c26d8a23873a7e9acc51bc37ad4ac2e53979da,Livyli/react-native,Livyli,react-native,master,ReactAndroid/src/main/java/com/facebook/react/uimanager/DisplayMetricsHolder.java,.java,4250,115,23861333,2,,https://stackoverflow.com/a/23861333,"https://raw.githubusercontent.com/Livyli/react-native/master/ReactAndroid/src/main/java/com/facebook/react/uimanager/DisplayMetricsHolder.java
"
d2763f42ade102dee4e6094a3bdab887e118d4f7,lizouzt/lizouzt.github.com,lizouzt,lizouzt.github.com,master,donut/angular/blog/app/lib/angular/angular-bootstrap-prettify.js,.js,67964,16,451486,1,,https://stackoverflow.com/q/451486,"https://raw.githubusercontent.com/lizouzt/lizouzt.github.com/master/donut/angular/blog/app/lib/angular/angular-bootstrap-prettify.js
"
ac64abc6aaa59bf9536ccce56e18425e298faaef,locatrix/cronox,locatrix,cronox,master,vendor/symfony/symfony/src/Symfony/Component/Routing/Generator/UrlGenerator.php,.php,12766,255,4069002,1,,https://stackoverflow.com/q/4069002,"https://raw.githubusercontent.com/locatrix/cronox/master/vendor/symfony/symfony/src/Symfony/Component/Routing/Generator/UrlGenerator.php
"
c635ec0b356079d988d10ecba7db39ad4559dd97,livecms/core,livecms,core,master,public/backend/plugins/daterangepicker/moment.js,.js,99201,8200,181348,1,,https://stackoverflow.com/q/181348,"https://raw.githubusercontent.com/livecms/core/master/public/backend/plugins/daterangepicker/moment.js
"
4a43b27a1d20c467730918cea193f5c667422360,local-minimum/ludumdare,local-minimum,ludumdare,master,sandbox/internal/core.js,.js,14816,42,12562097,2,,https://stackoverflow.com/a/12562097,"https://raw.githubusercontent.com/local-minimum/ludumdare/master/sandbox/internal/core.js
"
584f551a6da7343249fbb9bd2fe9082298e7c119,listochkin/icfp-contest-2014-cw-Branto,listochkin,icfp-contest-2014-cw-Branto,master,code/node_modules/istanbul/node_modules/mkdirp/node_modules/minimist/index.js,.js,5589,28371,1068308,2,,https://stackoverflow.com/a/1068308,"https://raw.githubusercontent.com/listochkin/icfp-contest-2014-cw-Branto/master/code/node_modules/istanbul/node_modules/mkdirp/node_modules/minimist/index.js
"
ce6369f1cbac700012e50bf621e26e94f3ec41a6,lisaj0323/makemeetingshappen,lisaj0323,makemeetingshappen,master,node_modules/express/node_modules/debug/browser.js,.js,3277,14724,16459606,2,,https://stackoverflow.com/a/16459606,"https://raw.githubusercontent.com/lisaj0323/makemeetingshappen/master/node_modules/express/node_modules/debug/browser.js
"
dd8138568e29426a6219d36a938124b5c6a4f161,LinuxJedi/arastta,LinuxJedi,arastta,master,admin/view/javascript/bootstrap3-editable/js/bootstrap-editable.js,.js,231292,8724,7410348,1,,https://stackoverflow.com/q/7410348,"https://raw.githubusercontent.com/LinuxJedi/arastta/master/admin/view/javascript/bootstrap3-editable/js/bootstrap-editable.js
"
dd8138568e29426a6219d36a938124b5c6a4f161,LinuxJedi/arastta,LinuxJedi,arastta,master,admin/view/javascript/bootstrap3-editable/js/bootstrap-editable.js,.js,231292,8724,499126,1,,https://stackoverflow.com/q/499126,"https://raw.githubusercontent.com/LinuxJedi/arastta/master/admin/view/javascript/bootstrap3-editable/js/bootstrap-editable.js
"
3da2a085e4d25a8168622140962d72915502a1f3,lisafises/H3G2_P2020_EatYourCoffee,lisafises,H3G2_P2020_EatYourCoffee,master,wp-content/plugins/advanced-custom-fields-pro/assets/inc/timepicker/jquery-ui-timepicker-addon.js,.js,78620,67,1762378,2,,https://stackoverflow.com/a/1762378,"https://raw.githubusercontent.com/lisafises/H3G2_P2020_EatYourCoffee/master/wp-content/plugins/advanced-custom-fields-pro/assets/inc/timepicker/jquery-ui-timepicker-addon.js
"
e8b0e0d02f9fec34f4a6952ffd3fd94838af77ff,livingsocial/rearview-engine,livingsocial,rearview-engine,master,public/rearview-src/vendor/codemirror/mode/markdown/markdown.js,.js,10569,150,494122,2,,https://stackoverflow.com/a/494122,"https://raw.githubusercontent.com/livingsocial/rearview-engine/master/public/rearview-src/vendor/codemirror/mode/markdown/markdown.js
"
2b541220981460dc926ec5930850f03f5bfc8fc7,loganjing/avalon-mobile-starter,loganjing,avalon-mobile-starter,master,src/main/web/www/vendor/require/domReady.js,.js,4035,2454,3665561,1,,https://stackoverflow.com/q/3665561,"https://raw.githubusercontent.com/loganjing/avalon-mobile-starter/master/src/main/web/www/vendor/require/domReady.js
"
fd0f26ed02d936e0d184240ed51e4ad59fd81247,loganjing/avalon-mobile-starter,loganjing,avalon-mobile-starter,master,src/main/web/www/vendor/avalon/avalon.mobile.shim.js,.js,153624,8,105034,1,,https://stackoverflow.com/q/105034,"https://raw.githubusercontent.com/loganjing/avalon-mobile-starter/master/src/main/web/www/vendor/avalon/avalon.mobile.shim.js
"
6440085ffa76e2769db9e5eefe63248c980b90da,liuqiwang01/iosched,liuqiwang01,iosched,master,android/src/main/java/com/google/samples/apps/iosched/util/UIUtils.java,.java,22680,134,13202805,1,,https://stackoverflow.com/q/13202805,"https://raw.githubusercontent.com/liuqiwang01/iosched/master/android/src/main/java/com/google/samples/apps/iosched/util/UIUtils.java
"
75ade97dfadea1873c3e9f1acb49aff7ae0081b6,liviubirau/iosched,liviubirau,iosched,master,third_party/basic-http-client/src/com/turbomanage/httpclient/ConsoleRequestLogger.java,.java,2313,182,2220547,1,,https://stackoverflow.com/q/2220547,"https://raw.githubusercontent.com/liviubirau/iosched/master/third_party/basic-http-client/src/com/turbomanage/httpclient/ConsoleRequestLogger.java
"
f4dc6ac8f66354997ae094f765b01b7d871511fc,liugangios/liugangios.github.io,liugangios,liugangios.github.io,master,js/clean-blog.js,.js,51570,863,359788,1,,https://stackoverflow.com/q/359788,"https://raw.githubusercontent.com/liugangios/liugangios.github.io/master/js/clean-blog.js
"
4b6676d8aa00805a291094df9a644c3c857cbbef,lipengfei217/maven_archetype_project,lipengfei217,maven_archetype_project,master,springmvc-archetype/src/main/resources/archetype-resources/src/main/webapp/bower_components/moment/min/moment-with-langs.js,.js,301138,652,181348,1,,https://stackoverflow.com/q/181348,"https://raw.githubusercontent.com/lipengfei217/maven_archetype_project/master/springmvc-archetype/src/main/resources/archetype-resources/src/main/webapp/bower_components/moment/min/moment-with-langs.js
"
f71400b78af1408c295821b573e6dee41d16acab,loama/loama.github.io,loama,loama.github.io,master,rappi/Lupita/static/modern/globals/plugins/medium-editor/dist/js/medium-editor.js,.js,164659,1557,4176923,1,,https://stackoverflow.com/q/4176923,"https://raw.githubusercontent.com/loama/loama.github.io/master/rappi/Lupita/static/modern/globals/plugins/medium-editor/dist/js/medium-editor.js
"
6f253bfd35796547208b859f77520c550fdd5478,loama/loama.github.io,loama,loama.github.io,master,rappi/Lupita/static/modern/globals/plugins/parsleyjs/dist/parsley.remote.js,.js,99873,425,19999388,1,,https://stackoverflow.com/q/19999388,"https://raw.githubusercontent.com/loama/loama.github.io/master/rappi/Lupita/static/modern/globals/plugins/parsleyjs/dist/parsley.remote.js
"
ebac88264d609a1daa72fe24593e6146bef7d925,loama/loama.github.io,loama,loama.github.io,master,rappi/Lupita/static/modern/globals/plugins/fizzy-ui-utils/utils.js,.js,6719,102,384380,2,,https://stackoverflow.com/a/384380,"https://raw.githubusercontent.com/loama/loama.github.io/master/rappi/Lupita/static/modern/globals/plugins/fizzy-ui-utils/utils.js
"
202450ae3dcce609dd955220e4132af08dbb0ad2,loama/loama.github.io,loama,loama.github.io,master,rappi/Lupita/static/modern/globals/plugins/moment/min/moment-with-locales.js,.js,348978,2182,181348,1,,https://stackoverflow.com/q/181348,"https://raw.githubusercontent.com/loama/loama.github.io/master/rappi/Lupita/static/modern/globals/plugins/moment/min/moment-with-locales.js
"
81601c8a522425e85618b537b5d888663a67dffd,loama/loama.github.io,loama,loama.github.io,master,rappi/firma/firma/js/materialize.js,.js,278615,562,2684561,2,,https://stackoverflow.com/a/2684561,"https://raw.githubusercontent.com/loama/loama.github.io/master/rappi/firma/firma/js/materialize.js
"
56f0b08ffc02de910ed11fc76ef3d155427b60b4,loama/loama.github.io,loama,loama.github.io,master,rappi/Lupita/static/modern/globals/plugins/video.js/dist/video-js/video.dev.js,.js,361151,1116,3653444,1,,https://stackoverflow.com/q/3653444,"https://raw.githubusercontent.com/loama/loama.github.io/master/rappi/Lupita/static/modern/globals/plugins/video.js/dist/video-js/video.dev.js
"
7c76452219939f82fe7247533dfce2dd795737c2,loama/loama.github.io,loama,loama.github.io,master,projects/build/platforms/browser/cordova/node_modules/cordova-serve/node_modules/compression/node_modules/debug/browser.js,.js,3763,41776,16459606,2,,https://stackoverflow.com/a/16459606,"https://raw.githubusercontent.com/loama/loama.github.io/master/projects/build/platforms/browser/cordova/node_modules/cordova-serve/node_modules/compression/node_modules/debug/browser.js
"
3ef6476e7f4487f7fc149f6dc7989c80a93f3537,lmorchard/django-badger,lmorchard,django-badger,master,badger/tests/__init__.py,.py,3548,1,3519955,2,,https://stackoverflow.com/a/3519955,"https://raw.githubusercontent.com/lmorchard/django-badger/master/badger/tests/__init__.py
"
d4502fac04f7370129d85a030b2c58b9f84efc03,liukd/jsoneditor,liukd,jsoneditor,master,src/js/util.js,.js,17279,108,1125292,1,,https://stackoverflow.com/q/1125292,"https://raw.githubusercontent.com/liukd/jsoneditor/master/src/js/util.js
"
0a7c65a0a2d4b63262ef01ddd2bc9b45b5ffc242,lisasievers/smallbusinessdiy,lisasievers,smallbusinessdiy,master,app/wp-content/plugins/types/library/toolset/types/embedded/classes/field/definition_factory.php,.php,21198,4,3126130,1,,https://stackoverflow.com/q/3126130,"https://raw.githubusercontent.com/lisasievers/smallbusinessdiy/master/app/wp-content/plugins/types/library/toolset/types/embedded/classes/field/definition_factory.php
"
e1f8b46b87964a1704018c356f2d76c0bff71a42,llggkk1117/GoBTJ,llggkk1117,GoBTJ,master,workspace/GoBTJ/src/org/gene/modules/utils/JsonUtils.java,.java,2259,1,4802887,1,,https://stackoverflow.com/q/4802887,"https://raw.githubusercontent.com/llggkk1117/GoBTJ/master/workspace/GoBTJ/src/org/gene/modules/utils/JsonUtils.java
"
06f7d1086c9d7aea80000c9a80360ff5b48574cd,llggkk1117/GoBTJ,llggkk1117,GoBTJ,master,workspace/GoBTJ/WebContent/js/post.js,.js,823,2,133925,1,,https://stackoverflow.com/q/133925,"https://raw.githubusercontent.com/llggkk1117/GoBTJ/master/workspace/GoBTJ/WebContent/js/post.js
"
ce503a7ee7247266ec28fcd6078ee6b73ff8d838,liujiankang/test,liujiankang,test,master,vendor/yiisoft/yii2/web/Request.php,.php,53736,150,8163703,1,,https://stackoverflow.com/q/8163703,"https://raw.githubusercontent.com/liujiankang/test/master/vendor/yiisoft/yii2/web/Request.php
"
ff233bf19c19cf261cc70c59e52bc86ead2af9f1,lmaslag/test,lmaslag,test,master,engine/Library/Smarty/plugins/outputfilter.trimwhitespace.php,.php,3568,12,808850,2,,https://stackoverflow.com/a/808850,"https://raw.githubusercontent.com/lmaslag/test/master/engine/Library/Smarty/plugins/outputfilter.trimwhitespace.php
"
9f523634a10ed21f28d4c2db7f2033615ff49443,liugangabc/ccs_web,liugangabc,ccs_web,master,static/assets/plugins/bootstrap-editable/bootstrap-editable/js/bootstrap-editable.js,.js,244754,2250,7602565,1,,https://stackoverflow.com/q/7602565,"https://raw.githubusercontent.com/liugangabc/ccs_web/master/static/assets/plugins/bootstrap-editable/bootstrap-editable/js/bootstrap-editable.js
"
da1e3e5652dbb62d55692d7638aed1c0446c57ea,liuyan19880121/test_nodeclub,liuyan19880121,test_nodeclub,master,node_modules/mocha/node_modules/debug/browser.js,.js,2964,34,398120,2,,https://stackoverflow.com/a/398120,"https://raw.githubusercontent.com/liuyan19880121/test_nodeclub/master/node_modules/mocha/node_modules/debug/browser.js
"
da1e3e5652dbb62d55692d7638aed1c0446c57ea,liuyan19880121/test_nodeclub,liuyan19880121,test_nodeclub,master,node_modules/mocha/node_modules/debug/browser.js,.js,2964,34,16459606,2,,https://stackoverflow.com/a/16459606,"https://raw.githubusercontent.com/liuyan19880121/test_nodeclub/master/node_modules/mocha/node_modules/debug/browser.js
"
da1e3e5652dbb62d55692d7638aed1c0446c57ea,liuyan19880121/test_nodeclub,liuyan19880121,test_nodeclub,master,node_modules/pm2/node_modules/debug/browser.js,.js,2964,34,16459606,2,,https://stackoverflow.com/a/16459606,"https://raw.githubusercontent.com/liuyan19880121/test_nodeclub/master/node_modules/pm2/node_modules/debug/browser.js
"
d01ea600860b0bb258fb126b239544e6ca1cd969,liumuu/Mall,liumuu,Mall,master,Mall.WebUI/ueditor/third-party/video-js/video.dev.js,.js,214821,2973,470832,1,,https://stackoverflow.com/q/470832,"https://raw.githubusercontent.com/liumuu/Mall/master/Mall.WebUI/ueditor/third-party/video-js/video.dev.js
"
5dd481375e1a11c7918e970dd4cd5078644c8707,liumuu/Mall,liumuu,Mall,master,Mall.WebUI/ueditor/third-party/webuploader/webuploader.html5only.js,.js,186627,910,11929099,1,,https://stackoverflow.com/q/11929099,"https://raw.githubusercontent.com/liumuu/Mall/master/Mall.WebUI/ueditor/third-party/webuploader/webuploader.html5only.js
"
3132acf20e8bf314e2066964df32645387aa87d9,LivelyKernel/LivelyKernel,LivelyKernel,LivelyKernel,master,core/lively/persistence/Serializer.js,.js,67094,2,610995,1,,https://stackoverflow.com/q/610995,"https://raw.githubusercontent.com/LivelyKernel/LivelyKernel/master/core/lively/persistence/Serializer.js
"
6fc7f2f3f4f147f7d56b4b620a3dc984d8048c84,linjoahow/2015cda_lego,linjoahow,2015cda_lego,master,static/Brython3.1.3-20150514-095342/libs/math.js,.js,17752,2456,457408,1,,https://stackoverflow.com/q/457408,"https://raw.githubusercontent.com/linjoahow/2015cda_lego/master/static/Brython3.1.3-20150514-095342/libs/math.js
"
2a4cd31f2448cb42ff8301828d633e91955d8471,lisamariewatkins/reATX,lisamariewatkins,reATX,master,assets/js/materialize.js,.js,281553,552,2684561,2,,https://stackoverflow.com/a/2684561,"https://raw.githubusercontent.com/lisamariewatkins/reATX/master/assets/js/materialize.js
"
ed9a6ce3def9868b9448526948bda8017ccb4877,lnncrs/HappyHillary,lnncrs,HappyHillary,master,report/node_modules/chart.js/dist/Chart.bundle.js,.js,445259,288,181348,1,,https://stackoverflow.com/q/181348,"https://raw.githubusercontent.com/lnncrs/HappyHillary/master/report/node_modules/chart.js/dist/Chart.bundle.js
"
bbb126c80364065bfc5c3e242621bbf42936d5d3,lizardsystem/lizard-ocean,lizardsystem,lizard-ocean,master,lizard_ocean/static/lizard_ocean/fancytree/jquery.fancytree.js,.js,111752,3,10918063,1,,https://stackoverflow.com/q/10918063,"https://raw.githubusercontent.com/lizardsystem/lizard-ocean/master/lizard_ocean/static/lizard_ocean/fancytree/jquery.fancytree.js
"
6ca2fc240bc7b30642d17831408a141e67059c92,lizardsystem/freq,lizardsystem,freq,master,freq/static/freq/js/ajaxsetup.js,.js,3486,1,5100539,1,,https://stackoverflow.com/q/5100539,"https://raw.githubusercontent.com/lizardsystem/freq/master/freq/static/freq/js/ajaxsetup.js
"
8f3e0fcb96232bfa03f6028f7c8d5a0983556ede,loafintree/drupal8dev,loafintree,drupal8dev,master,sites/default/files/js/js_9XI5uky1osb5stLElhxAJg0FQedwcWScAX_Me_rW1BY.js,.js,435603,1,5438771,2,,https://stackoverflow.com/a/5438771,"https://raw.githubusercontent.com/loafintree/drupal8dev/master/sites/default/files/js/js_9XI5uky1osb5stLElhxAJg0FQedwcWScAX_Me_rW1BY.js
"
b3ed023c8c6747773cf5cb43895864fe04969e13,Liyue1314/WeX5,Liyue1314,WeX5,master,UI2/system/lib/bind/bind.debug.js,.js,291570,10,5908494,1,,https://stackoverflow.com/q/5908494,"https://raw.githubusercontent.com/Liyue1314/WeX5/master/UI2/system/lib/bind/bind.debug.js
"
6004cb6e0137a7af4a6de9fc24495c7759b8fd93,lmanohara/app-cloud,lmanohara,app-cloud,master,modules/setup-scripts/conf/wso2das-3.0.1/repository/deployment/server/jaggeryapps/monitoring/gadgets/data-table/js/moment.js,.js,91486,36,181348,1,,https://stackoverflow.com/q/181348,"https://raw.githubusercontent.com/lmanohara/app-cloud/master/modules/setup-scripts/conf/wso2das-3.0.1/repository/deployment/server/jaggeryapps/monitoring/gadgets/data-table/js/moment.js
"
d1031271996269eedfb2a17c333a06deeed6a568,LivePersonInc/dev-hub,LivePersonInc,dev-hub,master,content_ga1/js/jquery.shuffle.min.js,.js,47575,268,1852751,1,,https://stackoverflow.com/q/1852751,"https://raw.githubusercontent.com/LivePersonInc/dev-hub/master/content_ga1/js/jquery.shuffle.min.js
"
b56e641564c7568c0c537f023685b140b59ef0dc,lisamarie616/beaches-angular-assessment,lisamarie616,beaches-angular-assessment,master,bower_components/angular-google-maps/dist/angular-google-maps_dev_mapped.js,.js,492349,840,9229535,1,,https://stackoverflow.com/q/9229535,"https://raw.githubusercontent.com/lisamarie616/beaches-angular-assessment/master/bower_components/angular-google-maps/dist/angular-google-maps_dev_mapped.js
"
5caa110ddecba4f34695a6831f081b2cb2f2a7aa,lisamarie616/beaches-angular-assessment,lisamarie616,beaches-angular-assessment,master,lib/assets/bower_components/ng-file-upload-shim/FileAPI.js,.js,104332,5776,4998908,1,,https://stackoverflow.com/q/4998908,"https://raw.githubusercontent.com/lisamarie616/beaches-angular-assessment/master/lib/assets/bower_components/ng-file-upload-shim/FileAPI.js
"
41d957c0fa0ecf5a5f1a7fca4da5e6923480d1e8,linlife/Qijia_jumper,linlife,Qijia_jumper,master,websocket/node_modules/node-tail/node_modules/socket.io/node_modules/socket.io-adapter/node_modules/debug/browser.js,.js,3056,3724,398120,2,,https://stackoverflow.com/a/398120,"https://raw.githubusercontent.com/linlife/Qijia_jumper/master/websocket/node_modules/node-tail/node_modules/socket.io/node_modules/socket.io-adapter/node_modules/debug/browser.js
"
fcd750b149a663d39b810a5a1090ee659fbd3336,LittlePing/blog,LittlePing,blog,master,vendor/fzaninotto/faker/test/Faker/Provider/InternetTest.php,.php,4695,888,12026842,1,,https://stackoverflow.com/q/12026842,"https://raw.githubusercontent.com/LittlePing/blog/master/vendor/fzaninotto/faker/test/Faker/Provider/InternetTest.php
"
886ec098dbc8d78c13e57d8e02a1507f2e6a87b3,logs12/blog,logs12,blog,master,migrations/m140506_102106_rbac_init.php,.php,5712,143,766809,1,,https://stackoverflow.com/q/766809,"https://raw.githubusercontent.com/logs12/blog/master/migrations/m140506_102106_rbac_init.php
"
d01ea600860b0bb258fb126b239544e6ca1cd969,lklong/fuckproject,lklong,fuckproject,master,WebRoot/js/3rdparty/ueditor/third-party/video-js/video.dev.js,.js,214821,2973,1444562,1,,https://stackoverflow.com/q/1444562,"https://raw.githubusercontent.com/lklong/fuckproject/master/WebRoot/js/3rdparty/ueditor/third-party/video-js/video.dev.js
"
06d75369d594b58a68d430b6527318ab86929909,linghushaoxia/RocketMQ,linghushaoxia,RocketMQ,master,rocketmq-tools/src/main/java/com/linghushaoxia/rocketmq/tools/env/EnvUtil.java,.java,3406,1,318239,1,,https://stackoverflow.com/q/318239,"https://raw.githubusercontent.com/linghushaoxia/RocketMQ/master/rocketmq-tools/src/main/java/com/linghushaoxia/rocketmq/tools/env/EnvUtil.java
"
cb0afc2e4fff50ad9a5538e49938a5943a17bfec,LoganArnett/Activ8,LoganArnett,Activ8,master,node_modules/gulp-sass/node_modules/gulp-util/node_modules/minimist/index.js,.js,6604,4914,1068308,2,,https://stackoverflow.com/a/1068308,"https://raw.githubusercontent.com/LoganArnett/Activ8/master/node_modules/gulp-sass/node_modules/gulp-util/node_modules/minimist/index.js
"
8e0295cce15bc3d0cbac1a7d8dee31048619a9b2,liujianpc/bypy,liujianpc,bypy,master,bypy.py,.py,115684,135,986006,1,,https://stackoverflow.com/q/986006,"https://raw.githubusercontent.com/liujianpc/bypy/master/bypy.py
"
b9cabd4c7914f8c79efdf572be87364efad1d711,liuycsd/bypy,liuycsd,bypy,master,bypy/bypy.py,.py,111744,9,108183,1,,https://stackoverflow.com/q/108183,"https://raw.githubusercontent.com/liuycsd/bypy/master/bypy/bypy.py
"
0869ae30b204aeae21827eb3962e96cf7de8ea31,loadedsith/PixiPalace,loadedsith,PixiPalace,master,bower_components/pixi.js/bin/pixi.dev.js,.js,508876,1825,785097,1,,https://stackoverflow.com/q/785097,"https://raw.githubusercontent.com/loadedsith/PixiPalace/master/bower_components/pixi.js/bin/pixi.dev.js
"
6fc7f2f3f4f147f7d56b4b620a3dc984d8048c84,linjoahow/w17g,linjoahow,w17g,master,static/Brython3.1.3-20150514-095342/libs/math.js,.js,17752,2456,457408,1,,https://stackoverflow.com/q/457408,"https://raw.githubusercontent.com/linjoahow/w17g/master/static/Brython3.1.3-20150514-095342/libs/math.js
"
033e60931c5df50c4269e2346b7c567028350d4f,lmsrooms/moodle,lmsrooms,moodle,master,lib/amd/src/chartjs-lazy.js,.js,329914,158,8506881,1,,https://stackoverflow.com/q/8506881,"https://raw.githubusercontent.com/lmsrooms/moodle/master/lib/amd/src/chartjs-lazy.js
"
bcbb22e4d9b22966f663a1776faee1450de63aac,littlexcb/cheat_sheet,littlexcb,cheat_sheet,master,vendor/fzaninotto/faker/src/Faker/Provider/pt_BR/Internet.php,.php,1805,275,1017599,1,,https://stackoverflow.com/q/1017599,"https://raw.githubusercontent.com/littlexcb/cheat_sheet/master/vendor/fzaninotto/faker/src/Faker/Provider/pt_BR/Internet.php
"
583a0b8240386c59bc47e40b75f43af98b4362b5,liuqi007/FreespaceMs,liuqi007,FreespaceMs,master,dist/WEB-INF/static/manage/assets/ueditor/third-party/webuploader/webuploader.custom.js,.js,198161,906,11929099,1,,https://stackoverflow.com/q/11929099,"https://raw.githubusercontent.com/liuqi007/FreespaceMs/master/dist/WEB-INF/static/manage/assets/ueditor/third-party/webuploader/webuploader.custom.js
"
1b19d02eb896cc2619f550b312328f4f02826bf0,lionkinghk/MyWarranty,lionkinghk,MyWarranty,master,platforms/browser/platform_www/plugins/cordova-plugin-globalization/www/browser/moment.js,.js,334458,512,181348,1,,https://stackoverflow.com/q/181348,"https://raw.githubusercontent.com/lionkinghk/MyWarranty/master/platforms/browser/platform_www/plugins/cordova-plugin-globalization/www/browser/moment.js
"
34445729041b62abb02128e5c4731e0f0572f2cd,LivelyKernel/lively4-projectional-editor,LivelyKernel,lively4-projectional-editor,master,lib/babel.js,.js,1027079,2,16459606,2,,https://stackoverflow.com/a/16459606,"https://raw.githubusercontent.com/LivelyKernel/lively4-projectional-editor/master/lib/babel.js
"
08be0d2cb8c905063bc45d2b9cfe6571290adb19,LJ-Solutions/lj-tools2,LJ-Solutions,lj-tools2,master,node_modules/browser-sync/node_modules/socket.io/node_modules/engine.io/node_modules/engine.io-parser/node_modules/utf8/tests/generate-test-data.py,.py,1435,3618,17199950,2,,https://stackoverflow.com/a/17199950,"https://raw.githubusercontent.com/LJ-Solutions/lj-tools2/master/node_modules/browser-sync/node_modules/socket.io/node_modules/engine.io/node_modules/engine.io-parser/node_modules/utf8/tests/generate-test-data.py
"
9ff83819ec274a6e7f0da83ba1923c00846456d3,liuzwei/UltimateAndroid,liuzwei,UltimateAndroid,master,UltimateAndroidGradle/ultimateandroid/src/main/java/com/marshalchen/common/ui/MaterialProgressWheel.java,.java,19170,22,7089687,2,,https://stackoverflow.com/a/7089687,"https://raw.githubusercontent.com/liuzwei/UltimateAndroid/master/UltimateAndroidGradle/ultimateandroid/src/main/java/com/marshalchen/common/ui/MaterialProgressWheel.java
"
45b6e7548ab9e27f88a77ff8df0b86a9491ed6b2,linkitapps/linkit-cesium-app,linkitapps,linkit-cesium-app,master,app/Cesium/Build/Apps/CesiumViewer/Workers/createPolylineVolumeGeometry.js,.js,183019,7,57803,1,,https://stackoverflow.com/q/57803,"https://raw.githubusercontent.com/linkitapps/linkit-cesium-app/master/app/Cesium/Build/Apps/CesiumViewer/Workers/createPolylineVolumeGeometry.js
"
267f56cfb536c3d5e8704101877dac74c2a3a9b6,linkitapps/linkit-cesium-app,linkitapps,linkit-cesium-app,master,app/Cesium/Build/Apps/CesiumViewer/Workers/createCorridorGeometry.js,.js,156855,7,57803,1,,https://stackoverflow.com/q/57803,"https://raw.githubusercontent.com/linkitapps/linkit-cesium-app/master/app/Cesium/Build/Apps/CesiumViewer/Workers/createCorridorGeometry.js
"
6ba6330f33551e3378bd53ab17d8a2c3a3e56b65,lingqingmeng/preorder,lingqingmeng,preorder,master,node_modules/nodemon/lib/utils/clone.js,.js,829,395,728694,2,,https://stackoverflow.com/a/728694,"https://raw.githubusercontent.com/lingqingmeng/preorder/master/node_modules/nodemon/lib/utils/clone.js
"
f78fd74ddb1b03d884d6be38c641c9ea6fa39028,lingqingmeng/preorder,lingqingmeng,preorder,master,node_modules/jodid25519/lib/core.js,.js,20305,5329,596467,1,,https://stackoverflow.com/q/596467,"https://raw.githubusercontent.com/lingqingmeng/preorder/master/node_modules/jodid25519/lib/core.js
"
964e1d72b722ac2dd0a377b2d2940fb94a9b6974,liselnicole/liselnicole.github.io,liselnicole,liselnicole.github.io,master,node_modules/browser-sync/node_modules/socket.io-client/node_modules/engine.io-client/engine.io.js,.js,102838,975,16459606,2,,https://stackoverflow.com/a/16459606,"https://raw.githubusercontent.com/liselnicole/liselnicole.github.io/master/node_modules/browser-sync/node_modules/socket.io-client/node_modules/engine.io-client/engine.io.js
"
7c76452219939f82fe7247533dfce2dd795737c2,liselnicole/liselnicole.github.io,liselnicole,liselnicole.github.io,master,node_modules/browser-sync/node_modules/serve-static/node_modules/send/node_modules/debug/browser.js,.js,3763,41776,16459606,2,,https://stackoverflow.com/a/16459606,"https://raw.githubusercontent.com/liselnicole/liselnicole.github.io/master/node_modules/browser-sync/node_modules/serve-static/node_modules/send/node_modules/debug/browser.js
"
4ee19ddb901c2db38b7dd3e86cad066557fb1700,lisovin/scalejs.canvas-touch,lisovin,scalejs.canvas-touch,master,scalejs.canvas-touch/packages/scalejs.0.3.3/content/Scripts/scalejs-0.3.3.js,.js,24042,12,5539378,2,,https://stackoverflow.com/a/5539378,"https://raw.githubusercontent.com/lisovin/scalejs.canvas-touch/master/scalejs.canvas-touch/packages/scalejs.0.3.3/content/Scripts/scalejs-0.3.3.js
"
df56a8cb03083a1af10d87364aa0681feb7fc887,liverbool/n.com,liverbool,n.com,master,vendor/intervention/image/src/Intervention/Image/Image.php,.php,52680,1,2396415,1,,https://stackoverflow.com/q/2396415,"https://raw.githubusercontent.com/liverbool/n.com/master/vendor/intervention/image/src/Intervention/Image/Image.php
"
7a6cdca67f7078fba83674094d4602d3f66748a2,ljfranklin/bosh-bot,ljfranklin,bosh-bot,master,node_modules/ajv/dist/ajv.bundle.js,.js,276750,368,53497,1,,https://stackoverflow.com/q/53497,"https://raw.githubusercontent.com/ljfranklin/bosh-bot/master/node_modules/ajv/dist/ajv.bundle.js
"
a9947fb6934a6de45aa1fd2edcbb4b5d33b08e39,ljfranklin/bosh-bot,ljfranklin,bosh-bot,master,node_modules/moment/moment.js,.js,128945,1996,181348,1,,https://stackoverflow.com/q/181348,"https://raw.githubusercontent.com/ljfranklin/bosh-bot/master/node_modules/moment/moment.js
"
e06fae035485875fcb98099e733e9d84a55b8208,liuzwei/dialogplus,liuzwei,dialogplus,master,dialogplus/src/main/java/com/orhanobut/dialogplus/DialogPlus.java,.java,10926,21,4486034,1,,https://stackoverflow.com/q/4486034,"https://raw.githubusercontent.com/liuzwei/dialogplus/master/dialogplus/src/main/java/com/orhanobut/dialogplus/DialogPlus.java
"
19aea2876b0b94638b42539e3cb843c588261618,lkysow/react-php-presentation,lkysow,react-php-presentation,master,plugin/markdown/markdown.js,.js,11572,5378,5690269,1,,https://stackoverflow.com/q/5690269,"https://raw.githubusercontent.com/lkysow/react-php-presentation/master/plugin/markdown/markdown.js
"
51940dac3bf4a1f1149f93e147fea0c04aab05a6,lodemo/CATANA,lodemo,CATANA,master,src/external/lfw-classification-test.py,.py,23623,1,16463582,1,,https://stackoverflow.com/q/16463582,"https://raw.githubusercontent.com/lodemo/CATANA/master/src/external/lfw-classification-test.py
"
8214aa9bec25aa48b1d578ec4c4d1ac9a9bf4d90,linkwe/pixi.js,linkwe,pixi.js,master,bin/pixi.js,.js,833566,12,15786966,1,,https://stackoverflow.com/q/15786966,"https://raw.githubusercontent.com/linkwe/pixi.js/master/bin/pixi.js
"
f6027b41587a1e5f9fcc5569961561822b75ba14,liushuishang/YayCrawler,liushuishang,YayCrawler,master,yaycrawler.admin/src/main/resources/static/assets/global/plugins/bootstrap-wysihtml5/wysihtml5-0.3.0.js,.js,332114,1442,4361826,1,,https://stackoverflow.com/q/4361826,"https://raw.githubusercontent.com/liushuishang/YayCrawler/master/yaycrawler.admin/src/main/resources/static/assets/global/plugins/bootstrap-wysihtml5/wysihtml5-0.3.0.js
"
584f551a6da7343249fbb9bd2fe9082298e7c119,lismore/mobiledigitalforensics,lismore,mobiledigitalforensics,master,node_modules/mkdirp/node_modules/minimist/index.js,.js,5589,28371,1068308,2,,https://stackoverflow.com/a/1068308,"https://raw.githubusercontent.com/lismore/mobiledigitalforensics/master/node_modules/mkdirp/node_modules/minimist/index.js
"
247050d12d3d7b8b7ec904c8943678e9bb526df6,lithqube/sedesgroup,lithqube,sedesgroup,master,IT/wp-content/plugins/wordfence/js/jquery-ui-timepicker-addon.js,.js,76526,81,1762378,2,,https://stackoverflow.com/a/1762378,"https://raw.githubusercontent.com/lithqube/sedesgroup/master/IT/wp-content/plugins/wordfence/js/jquery-ui-timepicker-addon.js
"
b2979f12e84b7f9244a4662c5aafd9ba117d0202,lithqube/sedesgroup,lithqube,sedesgroup,master,IT/wp-includes/js/wp-custom-header.js,.js,10220,181,27728417,2,,https://stackoverflow.com/a/27728417,"https://raw.githubusercontent.com/lithqube/sedesgroup/master/IT/wp-includes/js/wp-custom-header.js
"
98b1ce8b2eeb2b074a78bc22eb83df40532bdd29,litvinchuck/resource-registry,litvinchuck,resource-registry,master,vendor/yiisoft/yii2/log/migrations/m141106_185632_log_init.php,.php,2623,763,766809,1,,https://stackoverflow.com/q/766809,"https://raw.githubusercontent.com/litvinchuck/resource-registry/master/vendor/yiisoft/yii2/log/migrations/m141106_185632_log_init.php
"
38d5d1d448e94471f82dc35c587399160d45fae1,LogansUA/ps_admin-tools,LogansUA,ps_admin-tools,master,libs/rollbar-php/src/rollbar.php,.php,30978,1,4581969,1,,https://stackoverflow.com/q/4581969,"https://raw.githubusercontent.com/LogansUA/ps_admin-tools/master/libs/rollbar-php/src/rollbar.php
"
8484da08c573d750d781b7105783ad8051f5cc2a,loeiten/BOUT-dev,loeiten,BOUT-dev,master,tools/tokamak_grids/pyGridGen/local_min_max.py,.py,3514,6,3689710,2,,https://stackoverflow.com/a/3689710,"https://raw.githubusercontent.com/loeiten/BOUT-dev/master/tools/tokamak_grids/pyGridGen/local_min_max.py
"
33740a22ce9ad9de6de7965d75cc496d047907ec,littleforeastli/handsontable,littleforeastli,handsontable,master,demo/bower_components/pikaday/pikaday.js,.js,34362,179,4881951,2,,https://stackoverflow.com/a/4881951,"https://raw.githubusercontent.com/littleforeastli/handsontable/master/demo/bower_components/pikaday/pikaday.js
"
92f152511ef8d98de7cb7d396d470257846f45bf,lmgonzales/vufind,lmgonzales,vufind,master,themes/bootstrap3/js/vendor/leaflet/leaflet.markercluster-src.js,.js,78720,18,8455200,1,,https://stackoverflow.com/q/8455200,"https://raw.githubusercontent.com/lmgonzales/vufind/master/themes/bootstrap3/js/vendor/leaflet/leaflet.markercluster-src.js
"
b1a2e0f81de60ccb19c1a7f756bcb7cbdacc64a1,linuxmahara/blockcypher-explorer,linuxmahara,blockcypher-explorer,master,addresses/views.py,.py,33332,3,3807891,2,,https://stackoverflow.com/a/3807891,"https://raw.githubusercontent.com/linuxmahara/blockcypher-explorer/master/addresses/views.py
"
79882cec820421afb3a8ebc5d892be1a27a1cd55,liveservices/LiveSDK-for-Windows,liveservices,LiveSDK-for-Windows,master,src/Web/Samples/AuthWithMSAccount/Scripts/knockout-2.1.0.debug.js,.js,170539,1387,5908494,1,,https://stackoverflow.com/q/5908494,"https://raw.githubusercontent.com/liveservices/LiveSDK-for-Windows/master/src/Web/Samples/AuthWithMSAccount/Scripts/knockout-2.1.0.debug.js
"
6fc7f2f3f4f147f7d56b4b620a3dc984d8048c84,linjoahow/W16_test1,linjoahow,W16_test1,master,static/Brython3.1.0-20150301-090019/libs/math.js,.js,17752,2456,457408,1,,https://stackoverflow.com/q/457408,"https://raw.githubusercontent.com/linjoahow/W16_test1/master/static/Brython3.1.0-20150301-090019/libs/math.js
"
02eace7dd45c564bca883a107eb1da305c5f8cea,localmotors/veh-engineering,localmotors,veh-engineering,master,veh-platform/olli/veh_control_unit.py,.py,1113,2,3394902,2,,https://stackoverflow.com/a/3394902,"https://raw.githubusercontent.com/localmotors/veh-engineering/master/veh-platform/olli/veh_control_unit.py
"
a45299b34ae0d46044a744865912650c306b6e20,localmotors/veh-engineering,localmotors,veh-engineering,master,veh-platform/META/element.py,.py,680,2,33469090,2,,https://stackoverflow.com/a/33469090,"https://raw.githubusercontent.com/localmotors/veh-engineering/master/veh-platform/META/element.py
"
29cbb083eb8a5244c0d86db8d9d4b7402676c188,LogInsight/fluent-bit,LogInsight,fluent-bit,master,lib/monkey/htdocs/js/jqBootstrapValidation.js,.js,36180,5666,359788,1,,https://stackoverflow.com/q/359788,"https://raw.githubusercontent.com/LogInsight/fluent-bit/master/lib/monkey/htdocs/js/jqBootstrapValidation.js
"
1c461452d26499a8ba2aa4b2b235a47f6a1e796d,lmundia/sp17-i524,lmundia,sp17-i524,master,project/S17-IO-3012/code/bin/benchmark_replicas_import.py,.py,5474,171,31791476,1,,https://stackoverflow.com/q/31791476,"https://raw.githubusercontent.com/lmundia/sp17-i524/master/project/S17-IO-3012/code/bin/benchmark_replicas_import.py
"
b7b25c24f7524ca3a4a3996d7009d06c63878229,lmundia/sp17-i524,lmundia,sp17-i524,master,project/S17-IO-3012/code/bin/benchmark_shards_find.py,.py,5248,152,31791476,1,,https://stackoverflow.com/q/31791476,"https://raw.githubusercontent.com/lmundia/sp17-i524/master/project/S17-IO-3012/code/bin/benchmark_shards_find.py
"
1c461452d26499a8ba2aa4b2b235a47f6a1e796d,lmundia/sp17-i524,lmundia,sp17-i524,master,project/S17-IO-3012/code/bin/benchmark_replicas_import.py,.py,5474,171,31791476,1,,https://stackoverflow.com/q/31791476,"https://raw.githubusercontent.com/lmundia/sp17-i524/master/project/S17-IO-3012/code/bin/benchmark_replicas_import.py
"
778b6271ccc4fc9cc9b9d35f5e182c64bd99f27e,lmundia/sp17-i524,lmundia,sp17-i524,master,project/S17-IO-3012/code/bin/benchmark_version_find.py,.py,4572,133,31791476,1,,https://stackoverflow.com/q/31791476,"https://raw.githubusercontent.com/lmundia/sp17-i524/master/project/S17-IO-3012/code/bin/benchmark_version_find.py
"
1c461452d26499a8ba2aa4b2b235a47f6a1e796d,lmundia/sp17-i524,lmundia,sp17-i524,master,project/S17-IO-3012/code/bin/benchmark_replicas_import.py,.py,5474,171,31791476,1,,https://stackoverflow.com/q/31791476,"https://raw.githubusercontent.com/lmundia/sp17-i524/master/project/S17-IO-3012/code/bin/benchmark_replicas_import.py
"
b7b25c24f7524ca3a4a3996d7009d06c63878229,lmundia/sp17-i524,lmundia,sp17-i524,master,project/S17-IO-3012/code/bin/benchmark_shards_find.py,.py,5248,152,31791476,1,,https://stackoverflow.com/q/31791476,"https://raw.githubusercontent.com/lmundia/sp17-i524/master/project/S17-IO-3012/code/bin/benchmark_shards_find.py
"
f7442c0b031cc8afab578e779f9adda096d7eb47,Lithium95/todoapp,Lithium95,todoapp,master,platforms/android/build/intermediates/assets/debug/www/lib/ionic/js/angular/angular.js,.js,1041139,6180,3143070,1,,https://stackoverflow.com/q/3143070,"https://raw.githubusercontent.com/Lithium95/todoapp/master/platforms/android/build/intermediates/assets/debug/www/lib/ionic/js/angular/angular.js
"
5477da52b64cb89222700dd38b86e162a5ed738f,loahou04/hackathon2014,loahou04,hackathon2014,master,node_modules/http-server/node_modules/opener/opener.js,.js,1907,2008,1480971,1,,https://stackoverflow.com/q/1480971,"https://raw.githubusercontent.com/loahou04/hackathon2014/master/node_modules/http-server/node_modules/opener/opener.js
"
5b477c0124eaf299f1b099afbfc3b1bf1a45399c,LiqunChen0606/LiqunChen0606.github.io,LiqunChen0606,LiqunChen0606.github.io,master,talkmap/leaflet_dist/leaflet.markercluster-src.js,.js,76762,155,8455200,1,,https://stackoverflow.com/q/8455200,"https://raw.githubusercontent.com/LiqunChen0606/LiqunChen0606.github.io/master/talkmap/leaflet_dist/leaflet.markercluster-src.js
"
17b14168c14d9966336e6c9e73c4b449e52703e6,lipin/bwm-demo-php-lili,lipin,bwm-demo-php-lili,master,vendor/yiisoft/yii2/db/mysql/QueryBuilder.php,.php,8847,638,271650,2,,https://stackoverflow.com/a/271650,"https://raw.githubusercontent.com/lipin/bwm-demo-php-lili/master/vendor/yiisoft/yii2/db/mysql/QueryBuilder.php
"
d7d6416468fe092aeffd0149fc61fdc035d57434,loganabsher/portfolio,loganabsher,portfolio,master,frontend/lib/util.js,.js,1758,1,14573223,1,,https://stackoverflow.com/q/14573223,"https://raw.githubusercontent.com/loganabsher/portfolio/master/frontend/lib/util.js
"
d01ea600860b0bb258fb126b239544e6ca1cd969,liushuishang/YayBlogAssistant,liushuishang,YayBlogAssistant,master,blogAssistant.web/src/main/resources/static/ueditor/third-party/video-js/video.dev.js,.js,214821,2973,1444562,1,,https://stackoverflow.com/q/1444562,"https://raw.githubusercontent.com/liushuishang/YayBlogAssistant/master/blogAssistant.web/src/main/resources/static/ueditor/third-party/video-js/video.dev.js
"
c42328591c4b5037421536317d7a1c39229ffe7a,lllove0/lllove0.github.io,lllove0,lllove0.github.io,master,lib/velocity/velocity.js,.js,213757,3708,5623838,1,,https://stackoverflow.com/q/5623838,"https://raw.githubusercontent.com/lllove0/lllove0.github.io/master/lib/velocity/velocity.js
"
7c76452219939f82fe7247533dfce2dd795737c2,linkxiao/heart,linkxiao,heart,master,node_modules/edp-provider-rider/node_modules/stylus/node_modules/debug/browser.js,.js,3763,41776,398120,2,,https://stackoverflow.com/a/398120,"https://raw.githubusercontent.com/linkxiao/heart/master/node_modules/edp-provider-rider/node_modules/stylus/node_modules/debug/browser.js
"
fbf41288de1effcaf1c3d432d9378d90be3d7831,localheinz/migrations,localheinz,migrations,master,tests/Doctrine/Migrations/Tests/Helper.php,.php,626,1,8688278,2,,https://stackoverflow.com/a/8688278,"https://raw.githubusercontent.com/localheinz/migrations/master/tests/Doctrine/Migrations/Tests/Helper.php
"
a117f6acf682b55a15eb7887d383789a43a52732,litao-buptsse/ghost,litao-buptsse,ghost,master,node_modules/knex/browser/knex.js,.js,808875,819,10491492,1,,https://stackoverflow.com/q/10491492,"https://raw.githubusercontent.com/litao-buptsse/ghost/master/node_modules/knex/browser/knex.js
"
6bed6e172056b55dd391264ded53b1a168296922,litao-buptsse/ghost,litao-buptsse,ghost,master,node_modules/extract-zip/node_modules/minimist/index.js,.js,5745,669,1068308,2,,https://stackoverflow.com/a/1068308,"https://raw.githubusercontent.com/litao-buptsse/ghost/master/node_modules/extract-zip/node_modules/minimist/index.js
"
2f2bfbfb045fc752faa92dc995726490067b3a55,load11/ghost,load11,ghost,master,core/client/app/mixins/body-event-listener.js,.js,1126,24,152975,1,,https://stackoverflow.com/q/152975,"https://raw.githubusercontent.com/load11/ghost/master/core/client/app/mixins/body-event-listener.js
"
1a09471b70a7aa832c50e6b82541cbbed0ca29a8,linuxmahara/webwallet-coinpunk,linuxmahara,webwallet-coinpunk,master,public/js/lib/sockjs.js,.js,74235,19,1641507,1,,https://stackoverflow.com/q/1641507,"https://raw.githubusercontent.com/linuxmahara/webwallet-coinpunk/master/public/js/lib/sockjs.js
"
acdf4a0b01519403d4c2db74b1aa7c491eeafba0,LogosLabs/thebuggenie,LogosLabs,thebuggenie,master,public/js/spectrum.js,.js,78973,320,7422072,1,,https://stackoverflow.com/q/7422072,"https://raw.githubusercontent.com/LogosLabs/thebuggenie/master/public/js/spectrum.js
"
033de5afbdca59d01f687c67a5c12b4733a70056,lkubik/keycloak,lkubik,keycloak,master,examples/broker/saml-broker-authentication/src/main/webapp/js/lib/angular/angular.js,.js,738519,144,472729,2,,https://stackoverflow.com/a/472729,"https://raw.githubusercontent.com/lkubik/keycloak/master/examples/broker/saml-broker-authentication/src/main/webapp/js/lib/angular/angular.js
"
43158fd8218a7aed9283c18e358bf261555a6fc8,liubo404/sakai,liubo404,sakai,master,reference/library/src/webapp/js/jquery/tablesorter/2.1.17/jquery.tablesorter.js,.js,74408,332,5312849,1,,https://stackoverflow.com/q/5312849,"https://raw.githubusercontent.com/liubo404/sakai/master/reference/library/src/webapp/js/jquery/tablesorter/2.1.17/jquery.tablesorter.js
"
2e3f9d65d9e94a7d16d891480f6f56baad7f68dc,lkwg82/pitest,lkwg82,pitest,master,pitest/src/test/java/com/example/CrashesJVMWhenMutated.java,.java,482,15,65200,1,,https://stackoverflow.com/q/65200,"https://raw.githubusercontent.com/lkwg82/pitest/master/pitest/src/test/java/com/example/CrashesJVMWhenMutated.java
"
6fc7f2f3f4f147f7d56b4b620a3dc984d8048c84,linjoahow/2015cdaa-w11,linjoahow,2015cdaa-w11,master,static/Brython3.1.0-20150301-090019/libs/math.js,.js,17752,2456,3959211,1,,https://stackoverflow.com/q/3959211,"https://raw.githubusercontent.com/linjoahow/2015cdaa-w11/master/static/Brython3.1.0-20150301-090019/libs/math.js
"
f78fd74ddb1b03d884d6be38c641c9ea6fa39028,lizziegooding/Blog-Code-301,lizziegooding,Blog-Code-301,master,deploy_demo/node_modules/express-request-proxy/node_modules/request/node_modules/http-signature/node_modules/sshpk/node_modules/jodid25519/lib/core.js,.js,20305,5329,596467,1,,https://stackoverflow.com/q/596467,"https://raw.githubusercontent.com/lizziegooding/Blog-Code-301/master/deploy_demo/node_modules/express-request-proxy/node_modules/request/node_modules/http-signature/node_modules/sshpk/node_modules/jodid25519/lib/core.js
"
ff7eb5845255f88cfaf0daa382a0498722182645,liwcezar/Omegasny,liwcezar,Omegasny,master,packages/meteor-timesync/timesync-client.js,.js,5136,83,3367542,2,,https://stackoverflow.com/a/3367542,"https://raw.githubusercontent.com/liwcezar/Omegasny/master/packages/meteor-timesync/timesync-client.js
"
ff117a7afe104b0a4ddf8d81c7cb36a6af01dfd5,liuzwei/PhotoView,liuzwei,PhotoView,master,sample/src/main/java/uk/co/senab/photoview/sample/HackyViewPager.java,.java,1824,79,7814017,1,,https://stackoverflow.com/q/7814017,"https://raw.githubusercontent.com/liuzwei/PhotoView/master/sample/src/main/java/uk/co/senab/photoview/sample/HackyViewPager.java
"
d8bfcfae65957cfd3015494bd5c3a3ca22219f6a,lizongying/monolog-PHPMailer,lizongying,monolog-PHPMailer,master,vendor/phpmailer/phpmailer/extras/EasyPeasyICS.php,.php,4062,1065,1464355,2,,https://stackoverflow.com/a/1464355,"https://raw.githubusercontent.com/lizongying/monolog-PHPMailer/master/vendor/phpmailer/phpmailer/extras/EasyPeasyICS.php
"
298453ba01d329de43a056c94a8df9deff4e4da6,logsdon/redlove,logsdon,redlove,master,javascript/redlove/base.js,.js,46559,16,190852,1,,https://stackoverflow.com/q/190852,"https://raw.githubusercontent.com/logsdon/redlove/master/javascript/redlove/base.js
"
7a326b2cb29838a601cea4997de074abce9a069a,logsdon/redlove,logsdon,redlove,master,javascript/redlove/common.js,.js,11731,1,3680429,1,,https://stackoverflow.com/q/3680429,"https://raw.githubusercontent.com/logsdon/redlove/master/javascript/redlove/common.js
"
745df8bb7ad1151fbb6e85ceb1c7a0daa940e675,lmaslanka/Dots-AspNet,lmaslanka,Dots-AspNet,master,Dots.Web/Scripts/moment-with-locales.js,.js,423555,456,3561493,1,,https://stackoverflow.com/q/3561493,"https://raw.githubusercontent.com/lmaslanka/Dots-AspNet/master/Dots.Web/Scripts/moment-with-locales.js
"
a8f1a1e7f219be587d231be3cefb0bf31e5e71ce,livi17/buddypress,livi17,buddypress,master,wp-content/plugins/woocommerce/assets/js/zeroclipboard/jquery.zeroclipboard.js,.js,66773,1040,12866060,1,,https://stackoverflow.com/q/12866060,"https://raw.githubusercontent.com/livi17/buddypress/master/wp-content/plugins/woocommerce/assets/js/zeroclipboard/jquery.zeroclipboard.js
"
dc88b47ce0f85d002d32777bfc73a187916f805f,liupugong/spring-boot,liupugong,spring-boot,master,spring-boot/src/main/java/org/springframework/boot/orm/jpa/hibernate/SpringNamingStrategy.java,.java,1828,159,7689206,1,,https://stackoverflow.com/q/7689206,"https://raw.githubusercontent.com/liupugong/spring-boot/master/spring-boot/src/main/java/org/springframework/boot/orm/jpa/hibernate/SpringNamingStrategy.java
"
3a0e464e74157042547a4f9f8f786d1ee7efa796,liu-peiyu/SpringBootAdmin,liu-peiyu,SpringBootAdmin,master,src/main/resources/static/assets/adminlte-2.3.7/plugins/bootstrap-slider/bootstrap-slider.js,.js,51062,2736,846221,1,,https://stackoverflow.com/q/846221,"https://raw.githubusercontent.com/liu-peiyu/SpringBootAdmin/master/src/main/resources/static/assets/adminlte-2.3.7/plugins/bootstrap-slider/bootstrap-slider.js
"
5121ba5a768d9aa6d09a6fd86a8597c0d765e746,lishiyo/chaffy,lishiyo,chaffy,master,www/bower_components/angular/angular.js,.js,777753,739,472729,2,,https://stackoverflow.com/a/472729,"https://raw.githubusercontent.com/lishiyo/chaffy/master/www/bower_components/angular/angular.js
"
d55084ada57c4db234562d45b5849d44a1d2d407,liuzheng712/hadoop64,liuzheng712,hadoop64,master,web/web/bypy.py,.py,96610,14,406230,1,,https://stackoverflow.com/q/406230,"https://raw.githubusercontent.com/liuzheng712/hadoop64/master/web/web/bypy.py
"
7beafbfdc1f0973880ed81add101107a1dc66f37,lisgking/dbmonitor,lisgking,dbmonitor,master,src/assets/scripts/jquery/flexigrid.js,.js,50321,2,11868404,1,,https://stackoverflow.com/q/11868404,"https://raw.githubusercontent.com/lisgking/dbmonitor/master/src/assets/scripts/jquery/flexigrid.js
"
6fc7f2f3f4f147f7d56b4b620a3dc984d8048c84,linjoahow/2015cdaa-week11,linjoahow,2015cdaa-week11,master,static/Brython3.1.1-20150328-091302/libs/math.js,.js,17752,2456,457408,1,,https://stackoverflow.com/q/457408,"https://raw.githubusercontent.com/linjoahow/2015cdaa-week11/master/static/Brython3.1.1-20150328-091302/libs/math.js
"
3b8c2a4eac9e4d18c566c68d90f696ad0fa74fe0,loctanvo/blog.twolittlenomads.com,loctanvo,blog.twolittlenomads.com,master,content/themes/twolittlenomads/assets/js/jquery.slimscroll.js,.js,14527,1037,6593995,2,,https://stackoverflow.com/a/6593995,"https://raw.githubusercontent.com/loctanvo/blog.twolittlenomads.com/master/content/themes/twolittlenomads/assets/js/jquery.slimscroll.js
"
432eba75022ad6455a59dfbda13a2760de30c3ce,lminsky/9th-Grade-CS,lminsky,9th-Grade-CS,master,2016-2017/Section 2/Classwork/2017-02-23/Five Circles/libraries/p5.js,.js,942677,492,10046972,1,,https://stackoverflow.com/q/10046972,"https://raw.githubusercontent.com/lminsky/9th-Grade-CS/master/2016-2017/Section 2/Classwork/2017-02-23/Five Circles/libraries/p5.js
"
c90badc19c1bc9f84a5f48a5168ecf8e4b42c240,lminsky/9th-Grade-CS,lminsky,9th-Grade-CS,master,2016-2017/Section 1/Classwork/2016-11-17/libraries/p5.js,.js,954128,645,25355178,2,,https://stackoverflow.com/a/25355178,"https://raw.githubusercontent.com/lminsky/9th-Grade-CS/master/2016-2017/Section 1/Classwork/2016-11-17/libraries/p5.js
"
c90badc19c1bc9f84a5f48a5168ecf8e4b42c240,lminsky/9th-Grade-CS,lminsky,9th-Grade-CS,master,2016-2017/Section 1/Classwork/2016-11-30/libraries/p5.js,.js,954128,645,25355178,2,,https://stackoverflow.com/a/25355178,"https://raw.githubusercontent.com/lminsky/9th-Grade-CS/master/2016-2017/Section 1/Classwork/2016-11-30/libraries/p5.js
"
432eba75022ad6455a59dfbda13a2760de30c3ce,lminsky/9th-Grade-CS,lminsky,9th-Grade-CS,master,2016-2017/Section 2/Classwork/2017-02-23/Bouncing Balls/Bouncing Ball/libraries/p5.js,.js,942677,492,10046972,1,,https://stackoverflow.com/q/10046972,"https://raw.githubusercontent.com/lminsky/9th-Grade-CS/master/2016-2017/Section 2/Classwork/2017-02-23/Bouncing Balls/Bouncing Ball/libraries/p5.js
"
c90badc19c1bc9f84a5f48a5168ecf8e4b42c240,lminsky/9th-Grade-CS,lminsky,9th-Grade-CS,master,2016-2017/Section 1/Classwork/2016-11-22_bouncingBall/libraries/p5.js,.js,954128,645,10046972,1,,https://stackoverflow.com/q/10046972,"https://raw.githubusercontent.com/lminsky/9th-Grade-CS/master/2016-2017/Section 1/Classwork/2016-11-22_bouncingBall/libraries/p5.js
"
c90badc19c1bc9f84a5f48a5168ecf8e4b42c240,lminsky/9th-Grade-CS,lminsky,9th-Grade-CS,master,docs/pong/libraries/p5.js,.js,954128,645,25355178,2,,https://stackoverflow.com/a/25355178,"https://raw.githubusercontent.com/lminsky/9th-Grade-CS/master/docs/pong/libraries/p5.js
"
8549d97cfe9b80c8d85b5582c725c43c25f2cd99,liuzheng712/jumpserver,liuzheng712,jumpserver,master,env/lib/python2.7/site-packages/ansible/modules/core/cloud/amazon/ec2.py,.py,44338,5,437511,1,,https://stackoverflow.com/q/437511,"https://raw.githubusercontent.com/liuzheng712/jumpserver/master/env/lib/python2.7/site-packages/ansible/modules/core/cloud/amazon/ec2.py
"
42d0346144f5459703f2d1394fd41fd08d29d569,litchfield/django,litchfield,django,master,tests/utils_tests/test_jslex.py,.py,9708,174,5573409,2,,https://stackoverflow.com/a/5573409,"https://raw.githubusercontent.com/litchfield/django/master/tests/utils_tests/test_jslex.py
"
096b012f78b7e7c2902619a04c4003a5d6ee4eee,loanlaux/WeatherPod,loanlaux,WeatherPod,master,node/node_modules/socket.io/node_modules/socket.io-client/node_modules/engine.io-client/node_modules/engine.io-parser/node_modules/utf8/tests/generate-test-data.py,.py,1347,4446,13436167,2,,https://stackoverflow.com/a/13436167,"https://raw.githubusercontent.com/loanlaux/WeatherPod/master/node/node_modules/socket.io/node_modules/socket.io-client/node_modules/engine.io-client/node_modules/engine.io-parser/node_modules/utf8/tests/generate-test-data.py
"
7131a13db7401c81e61a4932642c5d9962197784,linucs/magnet,linucs,magnet,master,vendor/assets/bower_components/jspdf/dist/jspdf.debug.js,.js,321567,331,6965107,1,,https://stackoverflow.com/q/6965107,"https://raw.githubusercontent.com/linucs/magnet/master/vendor/assets/bower_components/jspdf/dist/jspdf.debug.js
"
8b6eb75ddb9b48192fcfa4cee9a8f8c469711bb9,linucs/magnet,linucs,magnet,master,vendor/assets/bower_components/outlayer/outlayer.js,.js,24782,38,384380,2,,https://stackoverflow.com/a/384380,"https://raw.githubusercontent.com/linucs/magnet/master/vendor/assets/bower_components/outlayer/outlayer.js
"
acccf91e01a80df8e9afbc8d31bc6ecadcf21e81,linucs/magnet,linucs,magnet,master,vendor/assets/bower_components/admin-lte/plugins/bootstrap-wysihtml5/bootstrap3-wysihtml5.all.js,.js,566620,5124,992461,1,,https://stackoverflow.com/q/992461,"https://raw.githubusercontent.com/linucs/magnet/master/vendor/assets/bower_components/admin-lte/plugins/bootstrap-wysihtml5/bootstrap3-wysihtml5.all.js
"
745df8bb7ad1151fbb6e85ceb1c7a0daa940e675,linucs/magnet,linucs,magnet,master,vendor/assets/bower_components/moment/min/moment-with-locales.js,.js,423555,456,3561493,1,,https://stackoverflow.com/q/3561493,"https://raw.githubusercontent.com/linucs/magnet/master/vendor/assets/bower_components/moment/min/moment-with-locales.js
"
66e7412f02b841cb1c43b047194c85b076bf5220,linucs/magnet,linucs,magnet,master,vendor/assets/bower_components/dropzone/dist/dropzone-amd-module.js,.js,63400,422,11929099,1,,https://stackoverflow.com/q/11929099,"https://raw.githubusercontent.com/linucs/magnet/master/vendor/assets/bower_components/dropzone/dist/dropzone-amd-module.js
"
10c9fb73d75268107f8273ebbb83aaae361d2a85,lirui0081/depotwork,lirui0081,depotwork,master,depotwork/static/base_from_ace/js/prettify.js,.js,63320,3660,451486,1,,https://stackoverflow.com/q/451486,"https://raw.githubusercontent.com/lirui0081/depotwork/master/depotwork/static/base_from_ace/js/prettify.js
"
6d2e611eae45aaae50ecac9b4706a159317f3776,Litres/FB3Editor,Litres,FB3Editor,master,Frontend/ext/classic/classic/src/form/field/VTypes.js,.js,9538,9,2049510,2,,https://stackoverflow.com/a/2049510,"https://raw.githubusercontent.com/Litres/FB3Editor/master/Frontend/ext/classic/classic/src/form/field/VTypes.js
"
ced2045012c11dd022ae39dcd976305d4c43c0c6,Litres/FB3Editor,Litres,FB3Editor,master,Frontend/ext/packages/font-pictos/sass/example/bootstrap.js,.js,92989,164,470832,1,,https://stackoverflow.com/q/470832,"https://raw.githubusercontent.com/Litres/FB3Editor/master/Frontend/ext/packages/font-pictos/sass/example/bootstrap.js
"
b0bb2abf6d2ded63bfd2ddc6efccbafee5441c8f,lizkline91/angularfire-seed,lizkline91,angularfire-seed,master,node_modules/http-server/node_modules/ecstatic/lib/ecstatic/showdir.js,.js,5998,663,14919494,2,,https://stackoverflow.com/a/14919494,"https://raw.githubusercontent.com/lizkline91/angularfire-seed/master/node_modules/http-server/node_modules/ecstatic/lib/ecstatic/showdir.js
"
b624d136778b74b9747df5d4afe04ed5f1199b87,liyun074/gooDay,liyun074,gooDay,master,node_modules/table/node_modules/ajv/dist/ajv.bundle.js,.js,276744,2564,201323,1,,https://stackoverflow.com/q/201323,"https://raw.githubusercontent.com/liyun074/gooDay/master/node_modules/table/node_modules/ajv/dist/ajv.bundle.js
"
41c9919cc905e473b211d637974308f6108d0358,liyun074/gooDay,liyun074,gooDay,master,node_modules/vm-editor/publish/vm-editor.min.js,.js,277735,1,26603875,2,,https://stackoverflow.com/a/26603875,"https://raw.githubusercontent.com/liyun074/gooDay/master/node_modules/vm-editor/publish/vm-editor.min.js
"
37d6d370320b93cba25752d1112ed1bba1ce1a94,liuqi007/FreespaceBlog,liuqi007,FreespaceBlog,master,dist/WEB-INF/static/plugins/video-js/video.dev.js,.js,244225,770,1444562,1,,https://stackoverflow.com/q/1444562,"https://raw.githubusercontent.com/liuqi007/FreespaceBlog/master/dist/WEB-INF/static/plugins/video-js/video.dev.js
"
2bab37c430a68d99991a9812e94f584a0a28f4c8,lixiaoyufrank/MyPage,lixiaoyufrank,MyPage,master,node_modules/karma/node_modules/socket.io/node_modules/socket.io-client/node_modules/engine.io-client/engine.io.js,.js,110555,1041,398120,2,,https://stackoverflow.com/a/398120,"https://raw.githubusercontent.com/lixiaoyufrank/MyPage/master/node_modules/karma/node_modules/socket.io/node_modules/socket.io-client/node_modules/engine.io-client/engine.io.js
"
7c76452219939f82fe7247533dfce2dd795737c2,lixiaoyufrank/MyPage,lixiaoyufrank,MyPage,master,node_modules/karma/node_modules/socket.io/node_modules/socket.io-parser/node_modules/debug/browser.js,.js,3763,41776,398120,2,,https://stackoverflow.com/a/398120,"https://raw.githubusercontent.com/lixiaoyufrank/MyPage/master/node_modules/karma/node_modules/socket.io/node_modules/socket.io-parser/node_modules/debug/browser.js
"
4ab69266c1404b2ff4a04b4edde03d379de4b233,lixiaoyufrank/MyPage,lixiaoyufrank,MyPage,master,node_modules/lite-server/node_modules/browser-sync/node_modules/socket.io-client/socket.io.js,.js,211903,1835,16459606,2,,https://stackoverflow.com/a/16459606,"https://raw.githubusercontent.com/lixiaoyufrank/MyPage/master/node_modules/lite-server/node_modules/browser-sync/node_modules/socket.io-client/socket.io.js
"
4579c104bf22fbc2957273fe14df49e30b163c87,liuhuisheng/dhtmlx_web,liuhuisheng,dhtmlx_web,master,assets/vendors/magnific-popup/src/js/core.js,.js,21404,79,7264899,1,,https://stackoverflow.com/q/7264899,"https://raw.githubusercontent.com/liuhuisheng/dhtmlx_web/master/assets/vendors/magnific-popup/src/js/core.js
"
dc6d1d9c57e876a524f451ed48a75e39270989af,liubin/promises-book,liubin,promises-book,master,node_modules/parcelify/node_modules/browserify/node_modules/module-deps/node_modules/detective/node_modules/esprima-fb/examples/findbooleantrap.js,.js,5139,1525,5827612,1,,https://stackoverflow.com/q/5827612,"https://raw.githubusercontent.com/liubin/promises-book/master/node_modules/parcelify/node_modules/browserify/node_modules/module-deps/node_modules/detective/node_modules/esprima-fb/examples/findbooleantrap.js
"
8ac67eb31737c297e11603fb7643d22751d4319b,liubin/promises-book,liubin,promises-book,master,node_modules/browserify/node_modules/umd/node_modules/uglify-js/node_modules/optimist/index.js,.js,13900,12647,1068308,2,,https://stackoverflow.com/a/1068308,"https://raw.githubusercontent.com/liubin/promises-book/master/node_modules/browserify/node_modules/umd/node_modules/uglify-js/node_modules/optimist/index.js
"
77bb4cff883c6db80ace677b50f91583f98bc6ab,lmh2072005/gruntStudy,lmh2072005,gruntStudy,master,example/js/knockout.js,.js,210760,8,14120023,2,,https://stackoverflow.com/a/14120023,"https://raw.githubusercontent.com/lmh2072005/gruntStudy/master/example/js/knockout.js
"
2cf5186e7e336134fbabd9cdaeabdbe8551b7452,ljacomet/terracotta-platform,ljacomet,terracotta-platform,master,management/management-model/src/main/java/org/terracotta/management/model/cluster/ClientIdentifier.java,.java,11076,1,9481865,1,,https://stackoverflow.com/q/9481865,"https://raw.githubusercontent.com/ljacomet/terracotta-platform/master/management/management-model/src/main/java/org/terracotta/management/model/cluster/ClientIdentifier.java
"
71fb8305b93a831d62a586fdace971632dd427e2,ljacksonCA/contact_kata2,ljacksonCA,contact_kata2,master,node_modules/protractor/node_modules/optimist/node_modules/minimist/index.js,.js,5567,12160,1068308,2,,https://stackoverflow.com/a/1068308,"https://raw.githubusercontent.com/ljacksonCA/contact_kata2/master/node_modules/protractor/node_modules/optimist/node_modules/minimist/index.js
"
1a1adb2e3a7589c1740012c44e34a6ce6d8d155f,loadedcommerce/Loaded6CE,loadedcommerce,Loaded6CE,master,Loaded_Commerce_CE/mailhive/cloudbeez/cloudloader/php/CloudloaderBase.php,.php,18670,5,4570796,1,,https://stackoverflow.com/q/4570796,"https://raw.githubusercontent.com/loadedcommerce/Loaded6CE/master/Loaded_Commerce_CE/mailhive/cloudbeez/cloudloader/php/CloudloaderBase.php
"
50afcf3dd222c70b1ce54539b2176772c80637ab,0-kaladin/ad-away,0-kaladin,ad-away,master,AdAway/src/main/java/org/adaway/ui/ScanAdwareListFragment.java,.java,5245,8,2356091,1,,https://stackoverflow.com/q/2356091,"https://raw.githubusercontent.com/0-kaladin/ad-away/master/AdAway/src/main/java/org/adaway/ui/ScanAdwareListFragment.java
"
8ac67eb31737c297e11603fb7643d22751d4319b,listochkin/EmberOverflow-OdessaJS-2014,listochkin,EmberOverflow-OdessaJS-2014,master,client/node_modules/ember-cli/node_modules/bower/node_modules/handlebars/node_modules/optimist/index.js,.js,13900,12647,1068308,2,,https://stackoverflow.com/a/1068308,"https://raw.githubusercontent.com/listochkin/EmberOverflow-OdessaJS-2014/master/client/node_modules/ember-cli/node_modules/bower/node_modules/handlebars/node_modules/optimist/index.js
"
29cbb083eb8a5244c0d86db8d9d4b7402676c188,live3k/live3k.github.io,live3k,live3k.github.io,master,js/jqBootstrapValidation.js,.js,36180,5666,359788,1,,https://stackoverflow.com/q/359788,"https://raw.githubusercontent.com/live3k/live3k.github.io/master/js/jqBootstrapValidation.js
"
ef97d2dd83d9909075086fe6781ad1c4ac88b9d3,lirui-apache/hive,lirui-apache,hive,master,serde/src/test/org/apache/hadoop/hive/serde2/avro/TestAvroDeserializer.java,.java,31720,8,19868919,2,,https://stackoverflow.com/a/19868919,"https://raw.githubusercontent.com/lirui-apache/hive/master/serde/src/test/org/apache/hadoop/hive/serde2/avro/TestAvroDeserializer.java
"
c40e043f14968374aa4fd20935028b086b2996b4,LodoSoftware/chap-links-library,LodoSoftware,chap-links-library,master,js/src/network/network.js,.js,188523,6,2172798,1,,https://stackoverflow.com/q/2172798,"https://raw.githubusercontent.com/LodoSoftware/chap-links-library/master/js/src/network/network.js
"
1bd942e0e8bc342365ae3b8ce07103375f2197d0,lleszczu/kubernetes,lleszczu,kubernetes,master,third_party/swagger-ui/swagger-ui.js,.js,110246,1145,5539378,2,,https://stackoverflow.com/a/5539378,"https://raw.githubusercontent.com/lleszczu/kubernetes/master/third_party/swagger-ui/swagger-ui.js
"
aa81f23a4feabbb589dd1b63fbe7628356a87235,linkterritory/sugarcrm,linkterritory,sugarcrm,master,include/javascript/phpjs/html_entity_decode.js,.js,8208,155,57803,1,,https://stackoverflow.com/q/57803,"https://raw.githubusercontent.com/linkterritory/sugarcrm/master/include/javascript/phpjs/html_entity_decode.js
"
76d1a99dacf02b13873e75bfc418852fa8bdd5a4,lkarsten/fdxread,lkarsten,fdxread,master,libfdx/formats.py,.py,5517,2,11875770,1,,https://stackoverflow.com/q/11875770,"https://raw.githubusercontent.com/lkarsten/fdxread/master/libfdx/formats.py
"
cd3a0b3c8a13c41daa156e2b2ece9dfd59240086,liupdhc/liuxy-metronic3,liupdhc,liuxy-metronic3,master,plugins/bootstrap-maxlength/bootstrap-maxlength.js,.js,15001,390,2200494,1,,https://stackoverflow.com/q/2200494,"https://raw.githubusercontent.com/liupdhc/liuxy-metronic3/master/plugins/bootstrap-maxlength/bootstrap-maxlength.js
"
f6027b41587a1e5f9fcc5569961561822b75ba14,liupdhc/liuxy-metronic3,liupdhc,liuxy-metronic3,master,plugins/bootstrap-wysihtml5/wysihtml5-0.3.0.js,.js,332114,1442,4361826,1,,https://stackoverflow.com/q/4361826,"https://raw.githubusercontent.com/liupdhc/liuxy-metronic3/master/plugins/bootstrap-wysihtml5/wysihtml5-0.3.0.js
"
797040171a22198b792fb93dec9600e31711e84f,littlelines/otwarchive,littlelines,otwarchive,master,public/javascripts/filters.js,.js,2802,9,17248915,1,,https://stackoverflow.com/q/17248915,"https://raw.githubusercontent.com/littlelines/otwarchive/master/public/javascripts/filters.js
"
29cbb083eb8a5244c0d86db8d9d4b7402676c188,lnanek/accompany,lnanek,accompany,master,js/jqBootstrapValidation.js,.js,36180,5666,359788,1,,https://stackoverflow.com/q/359788,"https://raw.githubusercontent.com/lnanek/accompany/master/js/jqBootstrapValidation.js
"
7fec0fc464f55119a3d693d97f6eda56379b6004,linicam/counter,linicam,counter,master,assets/lib/pikaday.js,.js,35797,32,4881951,2,,https://stackoverflow.com/a/4881951,"https://raw.githubusercontent.com/linicam/counter/master/assets/lib/pikaday.js
"
43be64a7b471d5b8b9ca3f53ad0eecf9eb2772ae,linicam/counter,linicam,counter,master,assets/static/bundle.js,.js,1016905,2,181348,1,,https://stackoverflow.com/q/181348,"https://raw.githubusercontent.com/linicam/counter/master/assets/static/bundle.js
"
71fb8305b93a831d62a586fdace971632dd427e2,linicam/counter,linicam,counter,master,assets/node_modules/handlebars/node_modules/optimist/node_modules/minimist/index.js,.js,5567,12160,1068308,2,,https://stackoverflow.com/a/1068308,"https://raw.githubusercontent.com/linicam/counter/master/assets/node_modules/handlebars/node_modules/optimist/node_modules/minimist/index.js
"
f398e79103305edcc098fd3771be08ceaf189610,liquidia/discourse,liquidia,discourse,master,app/assets/javascripts/discourse/lib/utilities.js,.js,9017,27,46155,1,,https://stackoverflow.com/q/46155,"https://raw.githubusercontent.com/liquidia/discourse/master/app/assets/javascripts/discourse/lib/utilities.js
"
e3f94b3597da846b8bb5317b81c3284b4ca2fdef,liupeng/discourse,liupeng,discourse,master,vendor/assets/javascripts/caret_position.js,.js,3536,229,263743,1,,https://stackoverflow.com/q/263743,"https://raw.githubusercontent.com/liupeng/discourse/master/vendor/assets/javascripts/caret_position.js
"
