Hash,AuthorDate,CommiterDate,AuthorEmail,AuthorName,CommiterEmail,CommiterName,Message,ChangeType,ParentCommit,AddedLinesInCommit,RemovedLinesInCommit,AddedLinesInContext,RemovedLinesInContext,Repo,RepoName,FileId,FileExt,PostId,PostTypeId,SOUrl
1a81b18b9f22d7bc1a967d08fcc7fbcf2ee200f5,2015-03-27 09:15:38+00:00,2015-04-03 23:28:54+01:00,4225,4225,4225,4225,Update web-platform-tests to revision 0d318188757a9c996e20b82db201fd04de5aa255,ModificationType.ADD,,30,0,30,0,walac/servo,servo,0674b989de333607f9bc85cdbac183faba7b2462,.py,1947766,2,https://stackoverflow.com/a/1947766
417be76a5e8ca7ddd9b103bd8bad658c17412352,2017-02-23 01:36:23-05:00,2017-02-23 01:36:23-05:00,9597,9597,9597,9597,"First Push, whole website with first database",ModificationType.ADD,,525,0,525,0,walker6o9/cottagehills,cottagehills,03eef50edc943201278ef1c086055714297b02cd,.js,699941,1,https://stackoverflow.com/q/699941
10f6be400dbdfb6150d84466029ef00086cb440b,2011-08-26 19:01:53+04:00,2011-08-26 19:12:33+04:00,9598,9598,9598,9598,IDEA-68995 Can't see the mouse in the editor when the background color is black on a Mac,ModificationType.MODIFY,,11,0,11,0,vvv1559/intellij-community,intellij-community,3a1d18734cae859789b0f823068a4c3203b2dff9,.java,596216,1,https://stackoverflow.com/q/596216
2a6540213944fd7fafa4e9bb131843a4d1b6bd40,2015-07-01 21:14:53-04:00,2015-07-01 21:14:53-04:00,9599,9599,9599,9599,"Added all the things

* docker-compose file
* docker files for ember and nginx proxy
* ember app
* all the things related to the ember app
* kitchen sink",ModificationType.ADD,,126,0,126,0,waddedMeat/ember-proxy-example,ember-proxy-example,f502946d70bd7cedf19cdbd3a29dd6f8793ead06,.js,13216903,1,https://stackoverflow.com/q/13216903
2a6540213944fd7fafa4e9bb131843a4d1b6bd40,2015-07-01 21:14:53-04:00,2015-07-01 21:14:53-04:00,9599,9599,9599,9599,"Added all the things

* docker-compose file
* docker files for ember and nginx proxy
* ember app
* all the things related to the ember app
* kitchen sink",ModificationType.ADD,,276,0,276,0,waddedMeat/ember-proxy-example,ember-proxy-example,61cf86b0128b8b7ce2582569feeb8017af5212fd,.js,9270488,1,https://stackoverflow.com/q/9270488
10fde0d0f747f0dab9e3d4615e698c7c10b0dc30,2012-06-01 16:35:36+03:00,2012-06-01 16:35:36+03:00,1,1,1,1,bad adware scanner,ModificationType.ADD,,148,0,148,0,0-kaladin/ad-away,ad-away,50afcf3dd222c70b1ce54539b2176772c80637ab,.java,2356091,1,https://stackoverflow.com/q/2356091
983ad37704a42cd25475dd571a34e7c7b8d5e9cb,2014-09-04 00:40:26+02:00,2014-09-04 00:40:26+02:00,2,2,2,2,"Formatting, code cleanup",ModificationType.MODIFY,10fde0d0f747f0dab9e3d4615e698c7c10b0dc30,5,5,5,5,0-kaladin/ad-away,ad-away,50afcf3dd222c70b1ce54539b2176772c80637ab,.java,2356091,1,https://stackoverflow.com/q/2356091
c0243fd968ea456694f417ad0577a1d6e944768d,2014-09-13 15:38:59+03:00,2014-09-13 15:38:59+03:00,3,3,3,3,"Adware scan improvements

* Adware scan does not continue in background if back button is pressed
* Fixed scanning called twice",ModificationType.MODIFY,983ad37704a42cd25475dd571a34e7c7b8d5e9cb,3,6,3,6,0-kaladin/ad-away,ad-away,50afcf3dd222c70b1ce54539b2176772c80637ab,.java,2356091,1,https://stackoverflow.com/q/2356091
70e3fec38836fa89cde2ab6fe7794df066d6271e,2017-10-02 11:07:24-03:00,2017-10-02 11:07:24-03:00,9600,9600,9600,9600,02/10/2017,ModificationType.ADD,,8231,0,8231,0,wagner96/TCFINAL,TCFINAL,eafeaac109bc3776bab48b371f39c10d22a23cd4,.js,23329386,2,https://stackoverflow.com/a/23329386
21dc300cfe7569a7d059c165a9948d1f22ac9c56,2014-12-20 16:37:14+02:00,2014-12-20 16:37:14+02:00,9601,9601,9601,9601,Add migration for ActivityType entity,ModificationType.ADD,,30,0,30,0,vundicind/course-evaluation,course-evaluation,9cc71a14d0e7f8c81fd318ecf9806abb085d8a4e,.php,766809,1,https://stackoverflow.com/q/766809
6684d962df2d24320ebdac402db99d04357d77e4,2015-02-04 15:01:18-08:00,2015-02-04 15:01:18-08:00,315,315,315,315,Updating swagger-ui code to the latest version and removing the 'Try it out' buttons,ModificationType.MODIFY,,14,37,14,37,wackxu/kubernetes,kubernetes,a3f544be6d9e873c16a1c8754cba7ecbcc4e8a2e,.js,19431552,2,https://stackoverflow.com/a/19431552
51b7bc5aa27d5d8c8740e9278062bed5bb535461,2014-07-13 13:06:56-04:00,2014-07-13 13:06:56-04:00,9602,9602,9602,9602,updated hbs templates to now include pagination functionality,ModificationType.MODIFY,,63,2,63,2,w01fgang/generator-keystone,generator-keystone,d1c20670b043e680783a14a42fdd47543600ff1c,.js,8554517,1,https://stackoverflow.com/q/8554517
5c1f72fd0b958aefd5022966f5447c438d101eea,2014-07-29 21:04:11-04:00,2014-07-29 21:04:11-04:00,9602,9602,9602,9602,added case for undefined data so pagination returns empty,ModificationType.MODIFY,51b7bc5aa27d5d8c8740e9278062bed5bb535461,8,3,8,3,w01fgang/generator-keystone,generator-keystone,d1c20670b043e680783a14a42fdd47543600ff1c,.js,8554517,1,https://stackoverflow.com/q/8554517
ef65c0f182fff1068c7cd6e7718ccd22b211c45d,2014-12-14 16:49:48-05:00,2014-12-14 16:49:48-05:00,9603,9603,9603,9603,Updated HBS cloudinaryUrl helper to support full cloudinary transformation options,ModificationType.MODIFY,5c1f72fd0b958aefd5022966f5447c438d101eea,16,28,0,1,w01fgang/generator-keystone,generator-keystone,d1c20670b043e680783a14a42fdd47543600ff1c,.js,8554517,1,https://stackoverflow.com/q/8554517
229cb982e20d65daaefabf82227ef29d4a376123,2018-04-19 01:34:02+02:00,2018-04-19 01:34:02+02:00,9604,9604,9604,9604,new feature: save voting receipt (first version),ModificationType.MODIFY,,51,13,51,13,vvvote/vvvote,vvvote,fe046a01fc707150c034f5f643b451f939767305,.js,5467129,1,https://stackoverflow.com/q/5467129
2b1de35d3740258b0ab07490e937f87b964a1d63,2018-04-21 23:52:55+02:00,2018-04-21 23:52:55+02:00,9604,9604,9604,9604,"new feature: send the vote to all tellying servers
internal change: myXmlSend_ can now handle several time-overlapping calls",ModificationType.MODIFY,229cb982e20d65daaefabf82227ef29d4a376123,61,29,1,1,vvvote/vvvote,vvvote,fe046a01fc707150c034f5f643b451f939767305,.js,5467129,1,https://stackoverflow.com/q/5467129
e95a161c0cefb22e750616f4e5d8518d767dbe8c,2018-04-22 20:14:19+02:00,2018-04-22 20:14:19+02:00,9604,9604,9604,9604,webcient: new feature: include the public key of the tallying servers in the voting receipt file,ModificationType.MODIFY,2b1de35d3740258b0ab07490e937f87b964a1d63,6,2,1,2,vvvote/vvvote,vvvote,fe046a01fc707150c034f5f643b451f939767305,.js,5467129,1,https://stackoverflow.com/q/5467129
697b65c2431c1f0eac194827b44a6aa41eb45113,2018-03-03 20:15:18+07:00,2018-03-03 20:15:18+07:00,9605,9605,9605,9605,Add Chart.js and import it on Master Layout,ModificationType.ADD,,14384,0,14384,0,w1lldone/simkedelai,simkedelai,ca566ba8fa11d79ca4fabc20da2351e4a8b5ded5,.js,3922139,1,https://stackoverflow.com/q/3922139
52bae2893a67d0f1efe86cd74073b19d7e311e1e,2016-07-25 11:52:51+02:00,2016-07-25 11:52:51+02:00,9606,9606,9606,9606,added research for app,ModificationType.ADD,,144,0,144,0,vuyaniShabangu/now.next,now.next,386da0d4b299c0b9e4329fd3e6164f4be21bae0f,.java,18335642,1,https://stackoverflow.com/q/18335642
ff267dd71a77c8da5f3d61ca4bc62a2a00d12840,2015-04-06 10:46:45-04:00,2015-04-06 10:46:45-04:00,9607,9607,9607,9607,add files,ModificationType.ADD,,227,0,227,0,walgheraibi/ls-seed-Sample-,ls-seed-Sample-,185a0455c207b739e4da401629b80ee896ef6950,.js,1068308,2,https://stackoverflow.com/a/1068308
ff267dd71a77c8da5f3d61ca4bc62a2a00d12840,2015-04-06 10:46:45-04:00,2015-04-06 10:46:45-04:00,9607,9607,9607,9607,add files,ModificationType.ADD,,227,0,227,0,walgheraibi/ls-seed-Sample-,ls-seed-Sample-,584f551a6da7343249fbb9bd2fe9082298e7c119,.js,1068308,2,https://stackoverflow.com/a/1068308
ff267dd71a77c8da5f3d61ca4bc62a2a00d12840,2015-04-06 10:46:45-04:00,2015-04-06 10:46:45-04:00,9607,9607,9607,9607,add files,ModificationType.ADD,,2608,0,2608,0,walgheraibi/ls-seed-Sample-,ls-seed-Sample-,12b238e73bbe6704d82bce29e24f7a739598ea29,.js,6690752,1,https://stackoverflow.com/q/6690752
de9043096db1d6f2cd651d8b5ce3431ae00f7985,2016-12-18 15:35:48-02:00,2016-12-18 15:35:48-02:00,9608,9608,9608,9608,Modificação no layout das views para os CRUDS (Sala e Usuário),ModificationType.ADD,,2011,0,2011,0,wagnerlague/reserva_virtual_salas,reserva_virtual_salas,033b85f841683de6093f7dcc3804c3cb126f99cd,.php,4775722,1,https://stackoverflow.com/q/4775722
a63560b872eb12653814f179a1f2d350e9d92c27,2015-03-07 16:32:42+06:00,2015-03-07 16:32:42+06:00,9609,9609,9609,9609,complete voter and candidate task partly,ModificationType.ADD,,6831,0,6831,0,WakilaFarzan/laravel_hw,laravel_hw,8c6c060483ed3462ae480a62188753855167edb5,.js,499126,1,https://stackoverflow.com/q/499126
a63560b872eb12653814f179a1f2d350e9d92c27,2015-03-07 16:32:42+06:00,2015-03-07 16:32:42+06:00,9609,9609,9609,9609,complete voter and candidate task partly,ModificationType.ADD,,9521,0,9521,0,WakilaFarzan/laravel_hw,laravel_hw,b6892eb4da03f3b16022b622a10a1b3868d8ec54,.js,4361826,1,https://stackoverflow.com/q/4361826
4e6c9a77b143278743d6e00ccca342df60494ee1,2015-09-21 21:53:37+02:00,2015-09-21 21:53:37+02:00,527,527,527,527,first commit :-),ModificationType.ADD,,584,0,584,0,vtoomas/pupy,pupy,30b4d9fa7c9b5644b97ac46a7889cc24fd99b5a7,.py,3112546,1,https://stackoverflow.com/q/3112546
4e6c9a77b143278743d6e00ccca342df60494ee1,2015-09-21 21:53:37+02:00,2015-09-21 21:53:37+02:00,527,527,527,527,first commit :-),ModificationType.ADD,,584,0,584,0,vtoomas/pupy,pupy,30b4d9fa7c9b5644b97ac46a7889cc24fd99b5a7,.py,3112546,1,https://stackoverflow.com/q/3112546
b59c10a1e979b285e3a45c4bc0449fdc5fda43d9,2014-02-26 21:49:22-05:00,2014-02-26 21:49:22-05:00,6647,6647,6647,6647,took out some overrides out utils to a new overrides.js,ModificationType.ADD,,51,0,51,0,wakashige/NodeBB,NodeBB,7dbd65ee4e1664778a147ba1c37150ade14f14fa,.js,511088,1,https://stackoverflow.com/q/511088
1664d179b95a1749de41afbda207fd691ab692a7,2014-03-24 13:45:31-04:00,2014-03-24 13:45:31-04:00,97,97,97,97,closes #1245,ModificationType.MODIFY,b59c10a1e979b285e3a45c4bc0449fdc5fda43d9,26,1,3,1,wakashige/NodeBB,NodeBB,7dbd65ee4e1664778a147ba1c37150ade14f14fa,.js,511088,1,https://stackoverflow.com/q/511088
3e82cab39801ad2121049bfe077ea15aa84fcf35,2014-04-10 20:31:57+01:00,2014-04-10 20:56:53+01:00,6648,6648,6648,6648,Add missing new lines at end of files.,ModificationType.MODIFY,1664d179b95a1749de41afbda207fd691ab692a7,1,1,0,1,wakashige/NodeBB,NodeBB,7dbd65ee4e1664778a147ba1c37150ade14f14fa,.js,511088,1,https://stackoverflow.com/q/511088
ad7b561dd4208b375d0face3f4ce67d1d7e66ca2,2015-05-03 23:36:23-06:00,2015-05-03 23:36:23-06:00,99,99,99,99,"Fixed translator backwards compatibility issue

Also removed the _clearMenus global object because populating the global namespace is bad, bad, bad",ModificationType.MODIFY,3e82cab39801ad2121049bfe077ea15aa84fcf35,20,18,0,1,wakashige/NodeBB,NodeBB,7dbd65ee4e1664778a147ba1c37150ade14f14fa,.js,511088,1,https://stackoverflow.com/q/511088
a152990148fda44b22b9e378f9093103fa0dcee2,2017-05-27 01:20:02+02:00,2017-05-27 01:20:02+02:00,9610,9610,9610,9610,"most popular movies, results scroll container",ModificationType.ADD,,8023,0,8023,0,vvlladimir/mbd,mbd,b624d136778b74b9747df5d4afe04ed5f1199b87,.js,53497,1,https://stackoverflow.com/q/53497
d05a552e2d2d6c01c304ec89a67e8e1fb03ea5b6,2017-06-30 10:58:11+02:00,2017-06-30 10:58:11+02:00,9611,9611,9611,9611,ajout portefeuille et generation pdf,ModificationType.ADD,,130,0,130,0,wailing/Xanaa-Application,Xanaa-Application,128063b94b693c564d3c8b58b56c6b02efb770ef,.java,4737265,2,https://stackoverflow.com/a/4737265
c4200142e76fd8fcb66acf2bd9fcee75cdfd6bdd,2015-01-17 15:13:30+08:00,2015-01-17 15:13:30+08:00,9612,9612,9612,9612,"Merge ""search by"" actions into a dialog / Fix some errors in tests",ModificationType.MODIFY,,39,2,39,2,wakhub/monodict,monodict,d2bea62adc9439cee3d0aa09fb3d074c580063a7,.java,4605527,1,https://stackoverflow.com/q/4605527
de1d776c9ec6d3aba5e42159fabd9811aee5f4b7,2015-01-06 17:52:31+02:00,2015-01-06 17:52:31+02:00,9601,9601,9601,9601,Add migration for Semester entity,ModificationType.ADD,,24,0,24,0,vundicind/courseeval,courseeval,5e0adef950abda7385cb6e4a9fdc1c2fcac1d805,.php,766809,1,https://stackoverflow.com/q/766809
08af2e6559990e51aff75676771abcb0b72eb00f,2015-08-21 13:45:31+02:00,2015-08-21 14:01:23+02:00,9614,9614,9613,9613,"Merge all utils in cmdLineUtils

Signed-off-by: Danilo Piparo <danilo.piparo@cern.ch>",ModificationType.MODIFY,,726,22,726,22,vukasinmilosevic/root,root,bb1e353120cfa7a2b32c699e82a65cbdc7815a73,.py,566746,1,https://stackoverflow.com/q/566746
87d79447326ae8d88f028457e957d3be2e03b700,2015-08-21 16:21:10+02:00,2015-08-21 16:31:33+02:00,9614,9614,9613,9613,"Improve the use of divide option for rootprint

Signed-off-by: Danilo Piparo <danilo.piparo@cern.ch>",ModificationType.MODIFY,08af2e6559990e51aff75676771abcb0b72eb00f,66,93,65,93,vukasinmilosevic/root,root,bb1e353120cfa7a2b32c699e82a65cbdc7815a73,.py,566746,1,https://stackoverflow.com/q/566746
f63806ca1a53e8f473524fe078a33bffc1954fee,2015-08-21 16:49:11+02:00,2015-08-21 16:49:11+02:00,9613,9613,9613,9613,Enable subtree copying also for ntuples,ModificationType.MODIFY,87d79447326ae8d88f028457e957d3be2e03b700,5,1,4,1,vukasinmilosevic/root,root,bb1e353120cfa7a2b32c699e82a65cbdc7815a73,.py,566746,1,https://stackoverflow.com/q/566746
65e869d4f8144bf944467347cf1e64e6e79ce31f,2017-05-17 23:07:16+03:00,2017-05-17 23:07:16+03:00,9615,9615,9615,9615,first commit,ModificationType.ADD,,24,0,24,0,wajidali/rms,rms,569ac1aedec918259222c3d0cb1239ea4a346ce7,.js,62888,2,https://stackoverflow.com/a/62888
3df10f91bf360941ef72e7ca8eef69d1583b9452,2016-06-07 07:11:44-05:00,2016-06-07 07:11:44-05:00,9616,9616,9616,9616,"refactor: src structure, tasks, assets example, util files",ModificationType.ADD,,378,0,378,0,vulcan-estudios/project-kit,project-kit,273bab4175a0cfdda7c77d1ead616c8a236ae0ae,.js,8955580,2,https://stackoverflow.com/a/8955580
9cc4698af9c10896ad30d8e49bc850c56ac3d30a,2016-06-06 04:03:38-07:00,2016-06-06 04:03:38-07:00,9617,9617,9617,9617,".

.",ModificationType.ADD,,9523,0,9523,0,wajihaaltaf/fqsdzk,fqsdzk,f6027b41587a1e5f9fcc5569961561822b75ba14,.js,992461,1,https://stackoverflow.com/q/992461
fcea5432e09690063ad60bac92f9c0dff0791e0a,2017-09-19 16:41:57-04:00,2017-09-19 16:41:57-04:00,9618,9618,9618,9618,Webpage info,ModificationType.ADD,,1860,0,1860,0,vzygouras/personal,personal,927b3c1f8065e5bf49cc61598323fd0bc983ab1d,.js,7264899,1,https://stackoverflow.com/q/7264899
aa47fcb2a419aab268d9b1746fbf5894bf8a3fa1,2015-04-14 17:56:53+08:00,2015-04-14 17:56:53+08:00,9619,9619,9619,9619,First push,ModificationType.ADD,,3083,0,3083,0,vvsuperman/fkEstate,fkEstate,34b7252827806918f3adefe38a8921df0da32782,.js,3561493,1,https://stackoverflow.com/q/3561493
aa47fcb2a419aab268d9b1746fbf5894bf8a3fa1,2015-04-14 17:56:53+08:00,2015-04-14 17:56:53+08:00,9619,9619,9619,9619,First push,ModificationType.ADD,,94,0,94,0,vvsuperman/fkEstate,fkEstate,5f3d53a63ed0ffc114afd7ac853396d993d68729,.js,1068308,2,https://stackoverflow.com/a/1068308
a7da1ea097c7673c5699a1f8edadee7f1a6129c7,2015-04-05 19:47:46-05:00,2015-04-05 19:47:46-05:00,9620,9620,9620,9620,First commit; Very minimal but fully working iOS and Android app,ModificationType.ADD,,26130,0,26130,0,wakatime/wakatime-mobile,wakatime-mobile,4f4f492bae46011d2be9359d1f93f1ac2b7ce371,.js,472729,2,https://stackoverflow.com/a/472729
c7d8144272d35a018f347660caa0607a0b09e44d,2015-08-31 03:41:50-04:00,2015-08-31 03:41:50-04:00,9621,9621,9621,9621,"Initial-commit for busZitApp

An introduction to d3 using NextBus API",ModificationType.ADD,,567,0,567,0,waghelanikit/buszitApp-SF,buszitApp-SF,5ff7e5787d90eff85218ba55a3301ee4c49d4f8f,.js,8178598,1,https://stackoverflow.com/q/8178598
7a5b8dd68a30aaf72d1de34bc4fb4d07fa625511,2014-11-18 20:32:46+00:00,2014-11-18 20:32:46+00:00,118,118,118,118,Update project clappr to 0.0.60,ModificationType.ADD,,17814,0,17814,0,walkermatt/jsdelivr,jsdelivr,13dd258a3c61dbb57577481123126f292dd685cf,.js,4285627,1,https://stackoverflow.com/q/4285627
fb4abdba4afa5441b22e478b8b1f186fb70abbe6,2013-11-12 01:38:04+02:00,2013-11-12 01:38:04+02:00,114,114,114,114,"lodash, angularjs, tablesorter",ModificationType.ADD,,1383,0,1383,0,vvo/jsdelivr,jsdelivr,eb484eb1068a98ec668db9dcc2c0d5c33bca5cb2,.js,14990971,1,https://stackoverflow.com/q/14990971
f4dcd08aac9b47a7be7a75758a2027c9662988d2,2014-02-18 19:23:55+09:00,2014-02-18 19:23:55+09:00,121,121,121,121,Add Portal,ModificationType.ADD,,1884,0,1884,0,vvo/jsdelivr,jsdelivr,e25454ae84f4546e0185c3025a94a1f9374db473,.js,2117523,2,https://stackoverflow.com/a/2117523
7bede19e6fd7b2bbf2d57b38039f2658c05cff37,2014-03-20 13:55:26-06:00,2014-03-20 13:55:26-06:00,117,117,117,117,adding bootstrap-editable version 1.5.1,ModificationType.ADD,,6807,0,6807,0,vvo/jsdelivr,jsdelivr,dd8138568e29426a6219d36a938124b5c6a4f161,.js,7602565,1,https://stackoverflow.com/q/7602565
acc9bf87c00d7dd447ce28b71eb8876515952971,2015-05-19 10:56:39+00:00,2015-05-19 10:56:39+00:00,113,113,113,113,Update project video.js to 5.0.0-17,ModificationType.ADD,,18142,0,18142,0,vuejs/jsdelivr,jsdelivr,d4812bdb3ebe12f8c71dab0834e6c75df5a1d9e4,.js,3653444,1,https://stackoverflow.com/q/3653444
ba899b43a883ebb5b372e9d24ee5982e181fbfe4,2015-03-04 18:04:11+00:00,2015-03-04 18:04:11+00:00,113,113,113,113,Update project clappr to 0.0.105,ModificationType.ADD,,10551,0,10551,0,vvo/jsdelivr,jsdelivr,4c2086f463b020c8a56112b559ca3acc3d4add6f,.js,4285627,1,https://stackoverflow.com/q/4285627
a1334cc8c76dcc37b52a2081b9629e343989acb9,2015-05-28 18:14:55+00:00,2015-05-28 18:14:55+00:00,113,113,113,113,Update project video.js to 5.0.0-24,ModificationType.ADD,,16755,0,16755,0,vvo/jsdelivr,jsdelivr,76e0378c581f77b8d8e09e8775747dce24a196f1,.js,1444562,1,https://stackoverflow.com/q/1444562
a8766fd513019ec5f066c08f7c44c4e6bb3159a3,2013-02-27 20:32:30+02:00,2013-02-27 20:32:30+02:00,112,112,112,112,jsdb.io sync #6 Final,ModificationType.ADD,,996,0,996,0,vvo/jsdelivr,jsdelivr,a8a5482b093be9d898429023663fbd3c0c24358e,.js,6768474,1,https://stackoverflow.com/q/6768474
8c354ec1561cdf0055c68eb1ea84637834b1fd84,2013-08-29 19:14:14+03:00,2013-08-29 19:14:24+03:00,112,112,112,112,"blueimp-gallery, fullcalendar, jquery.infinitescroll,noty, socket.io, video.js",ModificationType.ADD,,6067,0,6067,0,vuejs/jsdelivr,jsdelivr,2ff69a8c97fef9149075eca3c939772e2c1bf846,.js,2486901,1,https://stackoverflow.com/q/2486901
e105d34b7e8a0761c396b8630e2932b06e70c071,2014-04-03 17:35:34-07:00,2014-04-03 17:35:34-07:00,115,115,115,115,Add PouchDB 1.0.0-2.1.0,ModificationType.ADD,,5775,0,5775,0,walkermatt/jsdelivr,jsdelivr,49cd5b46f35f7c8603793ed0caa6d7b0f58ca616,.js,6965107,1,https://stackoverflow.com/q/6965107
aa277109fddf17e484293b81c91665201538135d,2013-08-14 18:46:33+03:00,2013-08-14 18:46:39+03:00,112,112,112,112,"bootstrap, bootstrap-rtl, jquery.nicescroll, jquery.nouislider, swiper",ModificationType.ADD,,3200,0,3200,0,vvo/jsdelivr,jsdelivr,47756bf7c06a06c304a8c196b8dfe74f0a06fad3,.js,2161159,1,https://stackoverflow.com/q/2161159
4cd3eea27ccea140f1f99348be064b328ee60cea,2015-03-25 16:02:41+00:00,2015-03-25 16:02:41+00:00,113,113,113,113,Update project algoliasearch to 3.0.0,ModificationType.ADD,,1619,0,1619,0,vuejs/jsdelivr,jsdelivr,cddc72692e1ac7dab1538c0d77fc764aa9007eab,.js,16459606,2,https://stackoverflow.com/a/16459606
a1334cc8c76dcc37b52a2081b9629e343989acb9,2015-05-28 18:14:55+00:00,2015-05-28 18:14:55+00:00,113,113,113,113,Update project video.js to 5.0.0-24,ModificationType.ADD,,16755,0,16755,0,vuejs/jsdelivr,jsdelivr,e6475040ba40af45e57ea907bfbb663cfc1d2873,.js,470832,1,https://stackoverflow.com/q/470832
46e0fbce32478ff50473c80c8b6b6655e080f38d,2015-02-20 16:04:48-08:00,2015-02-20 16:04:48-08:00,120,120,120,120,tablequeryjs - 0.1.6 (bug fixes),ModificationType.ADD,,7759,0,7759,0,walkermatt/jsdelivr,jsdelivr,b87454683d2490065f1665f7ed77275a2738ee88,.js,181348,1,https://stackoverflow.com/q/181348
8c354ec1561cdf0055c68eb1ea84637834b1fd84,2013-08-29 19:14:14+03:00,2013-08-29 19:14:24+03:00,112,112,112,112,"blueimp-gallery, fullcalendar, jquery.infinitescroll,noty, socket.io, video.js",ModificationType.ADD,,6067,0,6067,0,vuejs/jsdelivr,jsdelivr,acb6c43c1263898f97a94d98264716493028740f,.js,1444562,1,https://stackoverflow.com/q/1444562
4cd3eea27ccea140f1f99348be064b328ee60cea,2015-03-25 16:02:41+00:00,2015-03-25 16:02:41+00:00,113,113,113,113,Update project algoliasearch to 3.0.0,ModificationType.ADD,,1619,0,1619,0,vvo/jsdelivr,jsdelivr,cddc72692e1ac7dab1538c0d77fc764aa9007eab,.js,398120,2,https://stackoverflow.com/a/398120
3e24169d434c2ff6114b468cf56bebd974a306c7,2015-06-07 22:36:12+00:00,2015-06-07 22:36:12+00:00,113,113,113,113,Update project free-jqgrid to v4.9.0-rc1,ModificationType.ADD,,17675,0,17675,0,vvo/jsdelivr,jsdelivr,b78e829de468f801a99ca394b5a3716984bf0acc,.js,6700,2,https://stackoverflow.com/a/6700
3c23d8847ae13e2e333a84ed63f72c33c551832e,2013-10-21 18:30:18+03:00,2013-10-21 18:30:28+03:00,114,114,114,114,New submissions,ModificationType.ADD,,3273,0,3273,0,vvo/jsdelivr,jsdelivr,80e8d0335cbbd6e0c370437b60e53e3337df6a1a,.js,383245,2,https://stackoverflow.com/a/383245
3c23d8847ae13e2e333a84ed63f72c33c551832e,2013-10-21 18:30:18+03:00,2013-10-21 18:30:28+03:00,114,114,114,114,New submissions,ModificationType.ADD,,3273,0,3273,0,vvo/jsdelivr,jsdelivr,ac2494a432e99606417f86546e1fe70ae12834d3,.js,4795914,2,https://stackoverflow.com/a/4795914
fe20f992e5eef6c28e58952bb686816e7157b3ba,2014-05-19 11:38:29+12:00,2014-05-19 11:38:29+12:00,484,484,484,484,Add textAngular 1.2.1,ModificationType.ADD,,1896,0,1896,0,vuejs/jsdelivr,jsdelivr,8415bf86036d5ae9444f64b531109dd7549a8658,.js,4169160,1,https://stackoverflow.com/q/4169160
4cd3eea27ccea140f1f99348be064b328ee60cea,2015-03-25 16:02:41+00:00,2015-03-25 16:02:41+00:00,113,113,113,113,Update project algoliasearch to 3.0.0,ModificationType.ADD,,1604,0,1604,0,vuejs/jsdelivr,jsdelivr,4c6ab1f8eaac0321e16d877a50d77226a453d599,.js,398120,2,https://stackoverflow.com/a/398120
8c354ec1561cdf0055c68eb1ea84637834b1fd84,2013-08-29 19:14:14+03:00,2013-08-29 19:14:24+03:00,112,112,112,112,"blueimp-gallery, fullcalendar, jquery.infinitescroll,noty, socket.io, video.js",ModificationType.ADD,,6067,0,6067,0,walkermatt/jsdelivr,jsdelivr,39cd8387637fef1d9e6416bb4ac29d23b3ee1c05,.js,2486901,1,https://stackoverflow.com/q/2486901
7ae85d81905700e53048888d227f3b196a39f716,2014-08-08 16:16:19+01:00,2014-08-08 16:16:19+01:00,113,113,113,113,Update project momentjs to 2.8.1,ModificationType.ADD,,9072,0,9072,0,vvo/jsdelivr,jsdelivr,202450ae3dcce609dd955220e4132af08dbb0ad2,.js,3561493,1,https://stackoverflow.com/q/3561493
baff2a96eb4a2790aa3f411fae7a54dc90bd4de4,2013-10-16 09:50:18-04:00,2013-10-16 09:50:18-04:00,485,485,485,485,Add Cesium b20 and b21,ModificationType.ADD,,231,0,231,0,vuejs/jsdelivr,jsdelivr,089278b0ef5b9c184d060540cc7c8338525da865,.js,57803,1,https://stackoverflow.com/q/57803
46e8721e15642ac10be252c6df5f4474af3e4250,2014-02-18 17:22:49+02:00,2014-02-18 17:22:58+02:00,114,114,114,114,jquery.handsontable,ModificationType.ADD,,14351,0,14351,0,vuejs/jsdelivr,jsdelivr,9f27a70283acf0ef0b0a5839d2096bbc83ef098a,.js,454202,1,https://stackoverflow.com/q/454202
48f6b1085579414c79b7d5203c143cc42ac09fc2,2014-03-25 17:12:16+02:00,2014-03-25 17:12:25+02:00,114,114,114,114,masonry update,ModificationType.ADD,,2886,0,2886,0,vvo/jsdelivr,jsdelivr,97d76f40906f128b122c9217de8cd4793fced8bd,.js,384380,2,https://stackoverflow.com/a/384380
55b61c6b5a308401b4894f19235b39c04ec0328c,2014-09-02 12:58:23+01:00,2014-09-02 12:58:23+01:00,113,113,113,113,Update project fuelux to 3.0.1,ModificationType.ADD,,6212,0,6212,0,walkermatt/jsdelivr,jsdelivr,bc6ed42f51cd05928db1300889f2a54907677829,.js,2182246,1,https://stackoverflow.com/q/2182246
e105d34b7e8a0761c396b8630e2932b06e70c071,2014-04-03 17:35:34-07:00,2014-04-03 17:35:34-07:00,115,115,115,115,Add PouchDB 1.0.0-2.1.0,ModificationType.ADD,,5775,0,5775,0,vuejs/jsdelivr,jsdelivr,0bb3ffea9e6dc81704aad70e370acd83e29b743d,.js,14967647,1,https://stackoverflow.com/q/14967647
dbdc94ea65688eebadec81e065147af839c42028,2015-04-25 15:43:59+00:00,2015-04-25 15:43:59+00:00,113,113,113,113,Update project isotope to v2.2.0,ModificationType.ADD,,4211,0,4211,0,vvo/jsdelivr,jsdelivr,14cd071cb19e153b3bd6cfc3d1f1689ee75da519,.js,384380,2,https://stackoverflow.com/a/384380
e105d34b7e8a0761c396b8630e2932b06e70c071,2014-04-03 17:35:34-07:00,2014-04-03 17:35:34-07:00,115,115,115,115,Add PouchDB 1.0.0-2.1.0,ModificationType.ADD,,5775,0,5775,0,walkermatt/jsdelivr,jsdelivr,c693fe3ed2e47e08cee076af7bf7ff9f6180aed0,.js,14967647,1,https://stackoverflow.com/q/14967647
25c34d8381e9627beda73c5cbe339a5b33671173,2013-11-27 18:10:03+02:00,2013-11-27 18:10:10+02:00,114,114,114,114,jquery.handsontable updated,ModificationType.ADD,,13647,0,13647,0,vvo/jsdelivr,jsdelivr,59fdd5b6b89c53c2f002ada09ee99f52963193ab,.js,3629183,1,https://stackoverflow.com/q/3629183
8005d0df42d7760dd50088931a1ea78f9a6961e6,2015-03-11 18:09:57+00:00,2015-03-11 18:09:57+00:00,113,113,113,113,Update project pixi.js to v3.0.0-rc2,ModificationType.ADD,,26621,0,26621,0,vvo/jsdelivr,jsdelivr,321d6735c28b6fd6c5fb2ecdd726a2ebc9d86047,.js,785097,1,https://stackoverflow.com/q/785097
a1334cc8c76dcc37b52a2081b9629e343989acb9,2015-05-28 18:14:55+00:00,2015-05-28 18:14:55+00:00,113,113,113,113,Update project video.js to 5.0.0-24,ModificationType.ADD,,16755,0,16755,0,vvo/jsdelivr,jsdelivr,7d7a05a956328ce28bae5cba08198624e5fb333c,.js,1444562,1,https://stackoverflow.com/q/1444562
46e0fbce32478ff50473c80c8b6b6655e080f38d,2015-02-20 16:04:48-08:00,2015-02-20 16:04:48-08:00,120,120,120,120,tablequeryjs - 0.1.6 (bug fixes),ModificationType.ADD,,7759,0,7759,0,vuejs/jsdelivr,jsdelivr,a860c010113cdd5791283a311fbcf77f7a66d24d,.js,3561493,1,https://stackoverflow.com/q/3561493
bd56ca1d7cf2f53def598b0803ec4ea78323d63b,2013-11-01 01:51:25+02:00,2013-11-01 01:51:36+02:00,114,114,114,114,New submissions,ModificationType.ADD,,17,0,17,0,vvo/jsdelivr,jsdelivr,9eabf2f33a8aef8df9db317ae17abf92cd322299,.js,57803,1,https://stackoverflow.com/q/57803
e105d34b7e8a0761c396b8630e2932b06e70c071,2014-04-03 17:35:34-07:00,2014-04-03 17:35:34-07:00,115,115,115,115,Add PouchDB 1.0.0-2.1.0,ModificationType.ADD,,5775,0,5775,0,vuejs/jsdelivr,jsdelivr,d71bfd7396ed57213c74cbc23ec8c6816812d013,.js,14967647,1,https://stackoverflow.com/q/14967647
19d2822ea735916fada1784b5ca65ec6d5e6a407,2013-09-10 19:25:08+03:00,2013-09-10 19:25:17+03:00,112,112,112,112,"angularjs, jquery.footable, jquery.sheetrock, webshim",ModificationType.ADD,,15158,0,15158,0,vvo/jsdelivr,jsdelivr,50a0512701cdfee7ec981481a6ab7ee8980435a6,.js,472729,2,https://stackoverflow.com/a/472729
24e4d364e4d04ebbb23950525509063dfa4bfd8d,2015-05-25 10:04:22+00:00,2015-05-25 10:04:22+00:00,113,113,113,113,Update project textAngular to 1.4.1,ModificationType.ADD,,2890,0,2890,0,walkermatt/jsdelivr,jsdelivr,035d715287e5d9cda764d560a3ff00b1373836b2,.js,4169160,1,https://stackoverflow.com/q/4169160
39ede0794ba53abf5429ec4e7215214ce62adc74,2015-04-24 12:33:03+00:00,2015-04-24 12:33:03+00:00,113,113,113,113,Update project algoliasearch to 3.2.0,ModificationType.ADD,,2569,0,2569,0,vuejs/jsdelivr,jsdelivr,7a74a36334da640797618dbdf6ce461377d65b9e,.js,3148441,2,https://stackoverflow.com/a/3148441
39ede0794ba53abf5429ec4e7215214ce62adc74,2015-04-24 12:33:03+00:00,2015-04-24 12:33:03+00:00,113,113,113,113,Update project algoliasearch to 3.2.0,ModificationType.ADD,,2569,0,2569,0,vuejs/jsdelivr,jsdelivr,6431e8b4ca22e3e10fdabcb19ad6a177e61b1c63,.js,16459606,2,https://stackoverflow.com/a/16459606
39ede0794ba53abf5429ec4e7215214ce62adc74,2015-04-24 12:33:03+00:00,2015-04-24 12:33:03+00:00,113,113,113,113,Update project algoliasearch to 3.2.0,ModificationType.ADD,,2569,0,2569,0,vuejs/jsdelivr,jsdelivr,3e783cbc46217e999dee07480d5362384b850bad,.js,398120,2,https://stackoverflow.com/a/398120
39ede0794ba53abf5429ec4e7215214ce62adc74,2015-04-24 12:33:03+00:00,2015-04-24 12:33:03+00:00,113,113,113,113,Update project algoliasearch to 3.2.0,ModificationType.ADD,,2569,0,2569,0,vvo/jsdelivr,jsdelivr,ecafffda133714716196f6b21ed8f59abe488717,.js,398120,2,https://stackoverflow.com/a/398120
4cd3eea27ccea140f1f99348be064b328ee60cea,2015-03-25 16:02:41+00:00,2015-03-25 16:02:41+00:00,113,113,113,113,Update project algoliasearch to 3.0.0,ModificationType.ADD,,1619,0,1619,0,vvo/jsdelivr,jsdelivr,72678252fb030bd47fa3330613a96ff151f10507,.js,16459606,2,https://stackoverflow.com/a/16459606
a1334cc8c76dcc37b52a2081b9629e343989acb9,2015-05-28 18:14:55+00:00,2015-05-28 18:14:55+00:00,113,113,113,113,Update project video.js to 5.0.0-24,ModificationType.ADD,,16755,0,16755,0,vuejs/jsdelivr,jsdelivr,96c75b9b2d0c4a4b02fe3e253ca4a0ba22c05052,.js,470832,1,https://stackoverflow.com/q/470832
c7e623ef52c03fd43dcb68fcb8125375cf61c4d7,2013-09-08 03:31:20+03:00,2013-09-08 03:31:20+03:00,112,112,112,112,"tablesorter, jquery.headshrinker, monocle",ModificationType.ADD,,1208,0,1208,0,vuejs/jsdelivr,jsdelivr,69c82b62f5eeb7374315f4e36e76c50c05dd32e0,.js,5312849,1,https://stackoverflow.com/q/5312849
4cd3eea27ccea140f1f99348be064b328ee60cea,2015-03-25 16:02:41+00:00,2015-03-25 16:02:41+00:00,113,113,113,113,Update project algoliasearch to 3.0.0,ModificationType.ADD,,1604,0,1604,0,vvo/jsdelivr,jsdelivr,f9ace08475efee87814f4864f47c53ce86cd7329,.js,16459606,2,https://stackoverflow.com/a/16459606
7570c5a9c932495a74d4e56f2c69b4101abf773b,2013-07-01 00:52:26+03:00,2013-07-01 00:52:45+03:00,112,112,112,112,Mass update #1,ModificationType.ADD,,15816,0,15816,0,vuejs/jsdelivr,jsdelivr,fdda550992351834fd564604c22f529a5d367c91,.js,1818310,1,https://stackoverflow.com/q/1818310
7a5b8dd68a30aaf72d1de34bc4fb4d07fa625511,2014-11-18 20:32:46+00:00,2014-11-18 20:32:46+00:00,118,118,118,118,Update project clappr to 0.0.60,ModificationType.ADD,,17814,0,17814,0,vuejs/jsdelivr,jsdelivr,3e8e26c2c57efcf7691fe5fd60b7de481a0062d6,.js,4285627,1,https://stackoverflow.com/q/4285627
e105d34b7e8a0761c396b8630e2932b06e70c071,2014-04-03 17:35:34-07:00,2014-04-03 17:35:34-07:00,115,115,115,115,Add PouchDB 1.0.0-2.1.0,ModificationType.ADD,,5775,0,5775,0,walkermatt/jsdelivr,jsdelivr,67ba578f23a86d4788ca64b354716ecd54fe6ba3,.js,417184,2,https://stackoverflow.com/a/417184
036a88b769150701b4aaa187807d5650a1a8a01d,2014-07-18 18:28:24+09:00,2014-07-18 18:28:24+09:00,116,116,116,116,update xe-core 1.7.5.3,ModificationType.ADD,,1198,0,1198,0,vuejs/jsdelivr,jsdelivr,b10b215068d1fbca8be44de456a8688efca6fb6b,.js,1349404,1,https://stackoverflow.com/q/1349404
4cd3eea27ccea140f1f99348be064b328ee60cea,2015-03-25 16:02:41+00:00,2015-03-25 16:02:41+00:00,113,113,113,113,Update project algoliasearch to 3.0.0,ModificationType.ADD,,2634,0,2634,0,vvo/jsdelivr,jsdelivr,487320df34af31bd5e7a0bb4f07cbf78369030dd,.js,236106,2,https://stackoverflow.com/a/236106
c7e623ef52c03fd43dcb68fcb8125375cf61c4d7,2013-09-08 03:31:20+03:00,2013-09-08 03:31:20+03:00,112,112,112,112,"tablesorter, jquery.headshrinker, monocle",ModificationType.ADD,,1477,0,1477,0,walkermatt/jsdelivr,jsdelivr,29f291403459db4b74ee343fa8ecee44e8bc70e8,.js,5312849,1,https://stackoverflow.com/q/5312849
e105d34b7e8a0761c396b8630e2932b06e70c071,2014-04-03 17:35:34-07:00,2014-04-03 17:35:34-07:00,115,115,115,115,Add PouchDB 1.0.0-2.1.0,ModificationType.ADD,,5775,0,5775,0,walkermatt/jsdelivr,jsdelivr,767f80023a36d9c36d350880741b199f2df0f702,.js,14967647,1,https://stackoverflow.com/q/14967647
4cd3eea27ccea140f1f99348be064b328ee60cea,2015-03-25 16:02:41+00:00,2015-03-25 16:02:41+00:00,113,113,113,113,Update project algoliasearch to 3.0.0,ModificationType.ADD,,2634,0,2634,0,vvo/jsdelivr,jsdelivr,4937cb43205f299bbeb9bffe9028e5fcf85b4baf,.js,236106,2,https://stackoverflow.com/a/236106
a1334cc8c76dcc37b52a2081b9629e343989acb9,2015-05-28 18:14:55+00:00,2015-05-28 18:14:55+00:00,113,113,113,113,Update project video.js to 5.0.0-24,ModificationType.ADD,,16755,0,16755,0,vvo/jsdelivr,jsdelivr,c54121224abda4df24fb6bfbee680cefed2647bb,.js,1444562,1,https://stackoverflow.com/q/1444562
a1334cc8c76dcc37b52a2081b9629e343989acb9,2015-05-28 18:14:55+00:00,2015-05-28 18:14:55+00:00,113,113,113,113,Update project video.js to 5.0.0-24,ModificationType.ADD,,16755,0,16755,0,vuejs/jsdelivr,jsdelivr,045418131aeb129e3053ea909fba8ed69dc126ea,.js,470832,1,https://stackoverflow.com/q/470832
acc9bf87c00d7dd447ce28b71eb8876515952971,2015-05-19 10:56:39+00:00,2015-05-19 10:56:39+00:00,113,113,113,113,Update project video.js to 5.0.0-17,ModificationType.ADD,,18142,0,18142,0,vvo/jsdelivr,jsdelivr,5b5bebf12088e4b2d8d1395a59ffeb259d18fc75,.js,3653444,1,https://stackoverflow.com/q/3653444
3e24169d434c2ff6114b468cf56bebd974a306c7,2015-06-07 22:36:12+00:00,2015-06-07 22:36:12+00:00,113,113,113,113,Update project free-jqgrid to v4.9.0-rc1,ModificationType.ADD,,808,0,808,0,vvo/jsdelivr,jsdelivr,3c3c3c19c9738331aa98877afcdd8fbd85f49cda,.js,15312529,1,https://stackoverflow.com/q/15312529
4cd3eea27ccea140f1f99348be064b328ee60cea,2015-03-25 16:02:41+00:00,2015-03-25 16:02:41+00:00,113,113,113,113,Update project algoliasearch to 3.0.0,ModificationType.ADD,,1619,0,1619,0,vvo/jsdelivr,jsdelivr,69a9f7be03336e6fed8ec4b9ea9df856f4fe11fc,.js,236106,2,https://stackoverflow.com/a/236106
8092023d52a495b40638d5b62bcf2cf2df0582e8,2013-11-29 18:31:28+02:00,2013-11-29 18:31:28+02:00,114,114,114,114,New submissions,ModificationType.ADD,,20282,0,20282,0,vvo/jsdelivr,jsdelivr,d76150b0ed6c29907d785c90767b9a3712628786,.js,3143070,1,https://stackoverflow.com/q/3143070
4cd3eea27ccea140f1f99348be064b328ee60cea,2015-03-25 16:02:41+00:00,2015-03-25 16:02:41+00:00,113,113,113,113,Update project algoliasearch to 3.0.0,ModificationType.ADD,,1619,0,1619,0,vvo/jsdelivr,jsdelivr,aacb9fa9d16d31aa345472f88f820f6fe7be4005,.js,16459606,2,https://stackoverflow.com/a/16459606
acc9bf87c00d7dd447ce28b71eb8876515952971,2015-05-19 10:56:39+00:00,2015-05-19 10:56:39+00:00,113,113,113,113,Update project video.js to 5.0.0-17,ModificationType.ADD,,18142,0,18142,0,vvo/jsdelivr,jsdelivr,2496dd54f312db0f892a4b6888e29e178152af0a,.js,1444562,1,https://stackoverflow.com/q/1444562
39ede0794ba53abf5429ec4e7215214ce62adc74,2015-04-24 12:33:03+00:00,2015-04-24 12:33:03+00:00,113,113,113,113,Update project algoliasearch to 3.2.0,ModificationType.ADD,,2569,0,2569,0,walkermatt/jsdelivr,jsdelivr,a9ea31684966fd566809dfdc1c03083a5540e51e,.js,3148441,2,https://stackoverflow.com/a/3148441
55b61c6b5a308401b4894f19235b39c04ec0328c,2014-09-02 12:58:23+01:00,2014-09-02 12:58:23+01:00,113,113,113,113,Update project fuelux to 3.0.1,ModificationType.ADD,,6212,0,6212,0,vuejs/jsdelivr,jsdelivr,a6318c01cd3679273f1191b826b8184ffe141744,.js,2182246,1,https://stackoverflow.com/q/2182246
ba7a547b44871ac6f1831e4e777c9038d9157275,2013-02-25 02:08:08+02:00,2013-02-25 02:08:08+02:00,112,112,112,112,jsdb.io Sync #1,ModificationType.ADD,,819,0,819,0,vuejs/jsdelivr,jsdelivr,dad90acd56f50eee1ce084d981009f975c2f7e41,.js,4285627,1,https://stackoverflow.com/q/4285627
a1334cc8c76dcc37b52a2081b9629e343989acb9,2015-05-28 18:14:55+00:00,2015-05-28 18:14:55+00:00,113,113,113,113,Update project video.js to 5.0.0-24,ModificationType.ADD,,16755,0,16755,0,vuejs/jsdelivr,jsdelivr,ff9a141122afd8f8582df6f80b80e2c476bff036,.js,470832,1,https://stackoverflow.com/q/470832
3c23d8847ae13e2e333a84ed63f72c33c551832e,2013-10-21 18:30:18+03:00,2013-10-21 18:30:28+03:00,114,114,114,114,New submissions,ModificationType.ADD,,3273,0,3273,0,vvo/jsdelivr,jsdelivr,b6c42db575d7f2bd23cc326ddd6dd59856603bdc,.js,4795914,2,https://stackoverflow.com/a/4795914
549e42c972c7c3bc0f8f05d5a613cf7ff22c0e74,2013-05-26 07:59:40+03:00,2013-05-26 07:59:51+03:00,112,112,112,112,"dc.js added, jquery.handsontable updated",ModificationType.ADD,,8742,0,8742,0,vuejs/jsdelivr,jsdelivr,b2d2416eeaa02752aeb1c334aa3234d5091dde32,.js,4643249,1,https://stackoverflow.com/q/4643249
b144de9b9184b98335fc3eb4f1f64c36663edc9a,2014-12-04 15:07:03+00:00,2014-12-04 15:07:03+00:00,119,119,119,119,Update project pouchdb to 3.2.0,ModificationType.ADD,,13554,0,13554,0,walkermatt/jsdelivr,jsdelivr,cfe10aa6aaf51c06f65eaa640cf047c5f2d048a2,.js,398120,2,https://stackoverflow.com/a/398120
7ace430585014239bcdadb317ebbd2bc320a714c,2013-02-25 17:20:37+02:00,2013-02-25 17:20:37+02:00,112,112,112,112,jsdb.io sync #2,ModificationType.ADD,,770,0,770,0,vvo/jsdelivr,jsdelivr,ee984000184d558b926dd338cf3715aef69e4089,.js,3755227,1,https://stackoverflow.com/q/3755227
3d6283f5143f21c3a002906a930e07f30d335873,2015-07-02 00:04:14+00:00,2015-07-02 00:04:14+00:00,113,113,113,113,Update project reqwest to v1.1.6,ModificationType.ADD,,615,0,615,0,walkermatt/jsdelivr,jsdelivr,1cd828fbe435002781bc01d3a2bb77d88aadaad4,.js,10046972,1,https://stackoverflow.com/q/10046972
39ede0794ba53abf5429ec4e7215214ce62adc74,2015-04-24 12:33:03+00:00,2015-04-24 12:33:03+00:00,113,113,113,113,Update project algoliasearch to 3.2.0,ModificationType.ADD,,2569,0,2569,0,walkermatt/jsdelivr,jsdelivr,36ac5cb84339fd398ac1ad12a780ee584db2d50e,.js,3148441,2,https://stackoverflow.com/a/3148441
55b61c6b5a308401b4894f19235b39c04ec0328c,2014-09-02 12:58:23+01:00,2014-09-02 12:58:23+01:00,113,113,113,113,Update project fuelux to 3.0.1,ModificationType.ADD,,6212,0,6212,0,vuejs/jsdelivr,jsdelivr,42f0bea48847d10bae1352e58754c40fed223520,.js,2182246,1,https://stackoverflow.com/q/2182246
c7e623ef52c03fd43dcb68fcb8125375cf61c4d7,2013-09-08 03:31:20+03:00,2013-09-08 03:31:20+03:00,112,112,112,112,"tablesorter, jquery.headshrinker, monocle",ModificationType.ADD,,1477,0,1477,0,walkermatt/jsdelivr,jsdelivr,a955fb2c7c575b8b14385408cea4b9046f063809,.js,5312849,1,https://stackoverflow.com/q/5312849
4cd3eea27ccea140f1f99348be064b328ee60cea,2015-03-25 16:02:41+00:00,2015-03-25 16:02:41+00:00,113,113,113,113,Update project algoliasearch to 3.0.0,ModificationType.ADD,,2634,0,2634,0,vvo/jsdelivr,jsdelivr,934b00912e3a18b4ebddcc1389d7afc74fec0d49,.js,16459606,2,https://stackoverflow.com/a/16459606
55b61c6b5a308401b4894f19235b39c04ec0328c,2014-09-02 12:58:23+01:00,2014-09-02 12:58:23+01:00,113,113,113,113,Update project fuelux to 3.0.1,ModificationType.ADD,,6212,0,6212,0,vvo/jsdelivr,jsdelivr,1e5a0cfa8cbe9fb0ea5579b9c294d4375e44a0ec,.js,2182246,1,https://stackoverflow.com/q/2182246
4cd3eea27ccea140f1f99348be064b328ee60cea,2015-03-25 16:02:41+00:00,2015-03-25 16:02:41+00:00,113,113,113,113,Update project algoliasearch to 3.0.0,ModificationType.ADD,,1604,0,1604,0,vvo/jsdelivr,jsdelivr,b9772c0ea595264a291f92d052b034f5cb106e7f,.js,236106,2,https://stackoverflow.com/a/236106
7d2bc98a19141b1d4be080f8195183eeb2428922,2013-07-01 17:19:59-04:00,2013-07-01 17:19:59-04:00,485,485,485,485,"Add Cesium b18

Thanks.",ModificationType.ADD,,416,0,416,0,vvo/jsdelivr,jsdelivr,d9d65baa806652b75e6263ad8d9bd5b8f1c00f47,.js,57803,1,https://stackoverflow.com/q/57803
13af68bf0767cf0e205773a4770a0908f396cdac,2013-12-15 01:27:25+02:00,2013-12-15 01:27:25+02:00,114,114,114,114,Updates,ModificationType.ADD,,555,0,555,0,vvo/jsdelivr,jsdelivr,e0e500648b90bc4d5df17bcdad3e42fed35c45b9,.js,13280151,2,https://stackoverflow.com/a/13280151
a1334cc8c76dcc37b52a2081b9629e343989acb9,2015-05-28 18:14:55+00:00,2015-05-28 18:14:55+00:00,113,113,113,113,Update project video.js to 5.0.0-24,ModificationType.ADD,,16755,0,16755,0,vuejs/jsdelivr,jsdelivr,b6a060e8e489ec577b772a023c5817336f7ba828,.js,1444562,1,https://stackoverflow.com/q/1444562
f830ab69c9715ce0b2bc0ad2d8c07658ae77fd8b,2013-04-10 00:28:58+03:00,2013-04-10 00:28:58+03:00,112,112,112,112,list.js added,ModificationType.ADD,,775,0,775,0,vvo/jsdelivr,jsdelivr,d4b5dd0a4344fffbee3f62f475d7acf539cc2343,.js,7238177,1,https://stackoverflow.com/q/7238177
4cd3eea27ccea140f1f99348be064b328ee60cea,2015-03-25 16:02:41+00:00,2015-03-25 16:02:41+00:00,113,113,113,113,Update project algoliasearch to 3.0.0,ModificationType.ADD,,2634,0,2634,0,walkermatt/jsdelivr,jsdelivr,958f3dfb3b96256ccb2c45f615171f23dc3fb7b4,.js,398120,2,https://stackoverflow.com/a/398120
4cd3eea27ccea140f1f99348be064b328ee60cea,2015-03-25 16:02:41+00:00,2015-03-25 16:02:41+00:00,113,113,113,113,Update project algoliasearch to 3.0.0,ModificationType.ADD,,2634,0,2634,0,vvo/jsdelivr,jsdelivr,958f3dfb3b96256ccb2c45f615171f23dc3fb7b4,.js,16459606,2,https://stackoverflow.com/a/16459606
4cd3eea27ccea140f1f99348be064b328ee60cea,2015-03-25 16:02:41+00:00,2015-03-25 16:02:41+00:00,113,113,113,113,Update project algoliasearch to 3.0.0,ModificationType.ADD,,2634,0,2634,0,vvo/jsdelivr,jsdelivr,4ca58c3acd2060d76f0b6499d082aa3677624f9b,.js,236106,2,https://stackoverflow.com/a/236106
25c34d8381e9627beda73c5cbe339a5b33671173,2013-11-27 18:10:03+02:00,2013-11-27 18:10:10+02:00,114,114,114,114,jquery.handsontable updated,ModificationType.ADD,,13129,0,13129,0,walkermatt/jsdelivr,jsdelivr,fad0f15c2d3ea0b3f99eaf8caf85173929a5d797,.js,986937,1,https://stackoverflow.com/q/986937
4cd3eea27ccea140f1f99348be064b328ee60cea,2015-03-25 16:02:41+00:00,2015-03-25 16:02:41+00:00,113,113,113,113,Update project algoliasearch to 3.0.0,ModificationType.ADD,,2634,0,2634,0,vuejs/jsdelivr,jsdelivr,55a66cfa52b8315efb06517e73d9e1d01ea41c9b,.js,16459606,2,https://stackoverflow.com/a/16459606
d9b0c13f7fbb2bb51562f99c57ffaea932961808,2014-10-01 06:03:56+01:00,2014-10-01 06:03:56+01:00,113,113,113,113,Update project anijs to v0.8.0,ModificationType.ADD,,497,0,497,0,vvo/jsdelivr,jsdelivr,634e2a6c4a11af84406db3dd600995d0375678a9,.js,15329167,1,https://stackoverflow.com/q/15329167
4cd3eea27ccea140f1f99348be064b328ee60cea,2015-03-25 16:02:41+00:00,2015-03-25 16:02:41+00:00,113,113,113,113,Update project algoliasearch to 3.0.0,ModificationType.ADD,,1619,0,1619,0,vuejs/jsdelivr,jsdelivr,aacb9fa9d16d31aa345472f88f820f6fe7be4005,.js,398120,2,https://stackoverflow.com/a/398120
4dfd8896f544c07a67c5460e70564bf2aeeb1b09,2014-11-28 19:55:42+00:00,2014-11-28 19:55:42+00:00,113,113,113,113,Update project mithril to v0.1.25,ModificationType.ADD,,985,0,985,0,walkermatt/jsdelivr,jsdelivr,9c3853952eaf1572b74744a1b2843e2caca210ca,.js,21926083,1,https://stackoverflow.com/q/21926083
3d6283f5143f21c3a002906a930e07f30d335873,2015-07-02 00:04:14+00:00,2015-07-02 00:04:14+00:00,113,113,113,113,Update project reqwest to v1.1.6,ModificationType.ADD,,615,0,615,0,walkermatt/jsdelivr,jsdelivr,a6f32061ea8e8454195fa76a74b4714fc257442f,.js,10046972,1,https://stackoverflow.com/q/10046972
25c34d8381e9627beda73c5cbe339a5b33671173,2013-11-27 18:10:03+02:00,2013-11-27 18:10:10+02:00,114,114,114,114,jquery.handsontable updated,ModificationType.ADD,,13129,0,13129,0,walkermatt/jsdelivr,jsdelivr,05fcc0851348bbcf2df7697499baea86cb8b3a48,.js,986937,1,https://stackoverflow.com/q/986937
4cd3eea27ccea140f1f99348be064b328ee60cea,2015-03-25 16:02:41+00:00,2015-03-25 16:02:41+00:00,113,113,113,113,Update project algoliasearch to 3.0.0,ModificationType.ADD,,1619,0,1619,0,walkermatt/jsdelivr,jsdelivr,1d4b07ee8f18abf9eb2398be3c0a2cca47f7296a,.js,236106,2,https://stackoverflow.com/a/236106
7ae85d81905700e53048888d227f3b196a39f716,2014-08-08 16:16:19+01:00,2014-08-08 16:16:19+01:00,113,113,113,113,Update project momentjs to 2.8.1,ModificationType.ADD,,9072,0,9072,0,vuejs/jsdelivr,jsdelivr,30831bb0082768e9ff4a16645e900021d4e6a065,.js,181348,1,https://stackoverflow.com/q/181348
4cd3eea27ccea140f1f99348be064b328ee60cea,2015-03-25 16:02:41+00:00,2015-03-25 16:02:41+00:00,113,113,113,113,Update project algoliasearch to 3.0.0,ModificationType.ADD,,1604,0,1604,0,vvo/jsdelivr,jsdelivr,005570fd75c4b0dbee95890290fa89dca4592e73,.js,16459606,2,https://stackoverflow.com/a/16459606
39ede0794ba53abf5429ec4e7215214ce62adc74,2015-04-24 12:33:03+00:00,2015-04-24 12:33:03+00:00,113,113,113,113,Update project algoliasearch to 3.2.0,ModificationType.ADD,,2569,0,2569,0,walkermatt/jsdelivr,jsdelivr,ecafffda133714716196f6b21ed8f59abe488717,.js,398120,2,https://stackoverflow.com/a/398120
8005d0df42d7760dd50088931a1ea78f9a6961e6,2015-03-11 18:09:57+00:00,2015-03-11 18:09:57+00:00,113,113,113,113,Update project pixi.js to v3.0.0-rc2,ModificationType.ADD,,26621,0,26621,0,vvo/jsdelivr,jsdelivr,199a32954679a5ae9a71e7631d76e3675ab42210,.js,2172798,1,https://stackoverflow.com/q/2172798
13af68bf0767cf0e205773a4770a0908f396cdac,2013-12-15 01:27:25+02:00,2013-12-15 01:27:25+02:00,114,114,114,114,Updates,ModificationType.ADD,,555,0,555,0,vvo/jsdelivr,jsdelivr,afe155139e0fc93d6c3ad41420909348980ff04f,.js,13280151,2,https://stackoverflow.com/a/13280151
4cd3eea27ccea140f1f99348be064b328ee60cea,2015-03-25 16:02:41+00:00,2015-03-25 16:02:41+00:00,113,113,113,113,Update project algoliasearch to 3.0.0,ModificationType.ADD,,2634,0,2634,0,vvo/jsdelivr,jsdelivr,36c0d255b4d42deb72bcda031c9d3afeb07f68b0,.js,16459606,2,https://stackoverflow.com/a/16459606
4cd3eea27ccea140f1f99348be064b328ee60cea,2015-03-25 16:02:41+00:00,2015-03-25 16:02:41+00:00,113,113,113,113,Update project algoliasearch to 3.0.0,ModificationType.ADD,,1619,0,1619,0,vuejs/jsdelivr,jsdelivr,6fbfafe0d26414feed21529c3ae0dd0f0c081711,.js,236106,2,https://stackoverflow.com/a/236106
710b28ca9e7c678f6a6086db95af743f6f7135ff,2014-05-02 21:50:19+03:00,2014-05-02 21:50:19+03:00,114,114,114,114,faker.js  added,ModificationType.ADD,,750,0,750,0,vuejs/jsdelivr,jsdelivr,c70f2cdc067f023cd50f5e461198dde2daa9da56,.js,43044,1,https://stackoverflow.com/q/43044
e105d34b7e8a0761c396b8630e2932b06e70c071,2014-04-03 17:35:34-07:00,2014-04-03 17:35:34-07:00,115,115,115,115,Add PouchDB 1.0.0-2.1.0,ModificationType.ADD,,5775,0,5775,0,vvo/jsdelivr,jsdelivr,c24e2d0cd363eb0e18f35171004929b9f074f943,.js,417184,2,https://stackoverflow.com/a/417184
24fc51dbde510f9071fb8b0dd6cac8e9a4225438,2013-03-29 17:50:25+02:00,2013-03-29 17:50:25+02:00,112,112,112,112,jquery.handsontable,ModificationType.ADD,,10156,0,10156,0,vuejs/jsdelivr,jsdelivr,671ef11aea28dfdbb8e10fa9d3a5590b45c36784,.js,3902635,1,https://stackoverflow.com/q/3902635
39ede0794ba53abf5429ec4e7215214ce62adc74,2015-04-24 12:33:03+00:00,2015-04-24 12:33:03+00:00,113,113,113,113,Update project algoliasearch to 3.2.0,ModificationType.ADD,,2569,0,2569,0,vvo/jsdelivr,jsdelivr,aa29f79e64d2cafc5e2074c343d0ec1b5edbb9c7,.js,16459606,2,https://stackoverflow.com/a/16459606
7ace430585014239bcdadb317ebbd2bc320a714c,2013-02-25 17:20:37+02:00,2013-02-25 17:20:37+02:00,112,112,112,112,jsdb.io sync #2,ModificationType.ADD,,770,0,770,0,vuejs/jsdelivr,jsdelivr,b14de5dd204442955ffdc57a6f9255163260a67b,.js,2735067,1,https://stackoverflow.com/q/2735067
8c354ec1561cdf0055c68eb1ea84637834b1fd84,2013-08-29 19:14:14+03:00,2013-08-29 19:14:24+03:00,112,112,112,112,"blueimp-gallery, fullcalendar, jquery.infinitescroll,noty, socket.io, video.js",ModificationType.ADD,,6067,0,6067,0,vvo/jsdelivr,jsdelivr,73cb67b0a9ba2597ae86828cc8e2e44fdf3f1b9a,.js,470832,1,https://stackoverflow.com/q/470832
4cd3eea27ccea140f1f99348be064b328ee60cea,2015-03-25 16:02:41+00:00,2015-03-25 16:02:41+00:00,113,113,113,113,Update project algoliasearch to 3.0.0,ModificationType.ADD,,1604,0,1604,0,vvo/jsdelivr,jsdelivr,1b98ac82b3e2d80dfcf43f86e394657684b2b446,.js,3148441,2,https://stackoverflow.com/a/3148441
a1334cc8c76dcc37b52a2081b9629e343989acb9,2015-05-28 18:14:55+00:00,2015-05-28 18:14:55+00:00,113,113,113,113,Update project video.js to 5.0.0-24,ModificationType.ADD,,16755,0,16755,0,vvo/jsdelivr,jsdelivr,c84493b289e5487ec11c270bdb9b3a1886a7faef,.js,470832,1,https://stackoverflow.com/q/470832
c7e623ef52c03fd43dcb68fcb8125375cf61c4d7,2013-09-08 03:31:20+03:00,2013-09-08 03:31:20+03:00,112,112,112,112,"tablesorter, jquery.headshrinker, monocle",ModificationType.ADD,,1208,0,1208,0,walkermatt/jsdelivr,jsdelivr,69c82b62f5eeb7374315f4e36e76c50c05dd32e0,.js,14990971,1,https://stackoverflow.com/q/14990971
bd56ca1d7cf2f53def598b0803ec4ea78323d63b,2013-11-01 01:51:25+02:00,2013-11-01 01:51:36+02:00,114,114,114,114,New submissions,ModificationType.ADD,,15,0,15,0,vvo/jsdelivr,jsdelivr,c2d9a99948bfdaf43daff22058bc51b2b3e2cdf4,.js,57803,1,https://stackoverflow.com/q/57803
a1334cc8c76dcc37b52a2081b9629e343989acb9,2015-05-28 18:14:55+00:00,2015-05-28 18:14:55+00:00,113,113,113,113,Update project video.js to 5.0.0-24,ModificationType.ADD,,16755,0,16755,0,vvo/jsdelivr,jsdelivr,fdeafbbbe9ce82e4934c80f54ca1f73f4d0803e1,.js,470832,1,https://stackoverflow.com/q/470832
4cd3eea27ccea140f1f99348be064b328ee60cea,2015-03-25 16:02:41+00:00,2015-03-25 16:02:41+00:00,113,113,113,113,Update project algoliasearch to 3.0.0,ModificationType.ADD,,1619,0,1619,0,walkermatt/jsdelivr,jsdelivr,22c57fabde0cb852a5ea69f3649c87ad18f69ef2,.js,236106,2,https://stackoverflow.com/a/236106
acc9bf87c00d7dd447ce28b71eb8876515952971,2015-05-19 10:56:39+00:00,2015-05-19 10:56:39+00:00,113,113,113,113,Update project video.js to 5.0.0-17,ModificationType.ADD,,18142,0,18142,0,vuejs/jsdelivr,jsdelivr,a13e119f2b234e6836207ebc062f3dd8ced8d864,.js,3653444,1,https://stackoverflow.com/q/3653444
46e8721e15642ac10be252c6df5f4474af3e4250,2014-02-18 17:22:49+02:00,2014-02-18 17:22:58+02:00,114,114,114,114,jquery.handsontable,ModificationType.ADD,,14351,0,14351,0,vvo/jsdelivr,jsdelivr,4682474c6898b13a693dafba9fc453d81255ab0d,.js,4643249,1,https://stackoverflow.com/q/4643249
e143c1c526eaa7d2bf3ffe87bfa6255b403c0bbe,2013-07-27 03:13:29+03:00,2013-07-27 03:13:34+03:00,112,112,112,112,"jquery.mobile, requirejs",ModificationType.ADD,,129,0,129,0,vvo/jsdelivr,jsdelivr,2b541220981460dc926ec5930850f03f5bfc8fc7,.js,3665561,1,https://stackoverflow.com/q/3665561
3e420177bfb24d78c761386ba09106afee0f79a2,2015-09-15 09:33:54+00:00,2015-09-15 09:33:54+00:00,113,113,113,113,Update project angular-chart.js to 0.8.4,ModificationType.ADD,,360,0,360,0,vuejs/jsdelivr,jsdelivr,68e679e72c5a308b56e741d6cc6377c04ab788a1,.js,11508164,2,https://stackoverflow.com/a/11508164
46e8721e15642ac10be252c6df5f4474af3e4250,2014-02-18 17:22:49+02:00,2014-02-18 17:22:58+02:00,114,114,114,114,jquery.handsontable,ModificationType.ADD,,14351,0,14351,0,vuejs/jsdelivr,jsdelivr,33e0410bb8979ed9d46645a0a003ff16f7bddcee,.js,3629183,1,https://stackoverflow.com/q/3629183
a1334cc8c76dcc37b52a2081b9629e343989acb9,2015-05-28 18:14:55+00:00,2015-05-28 18:14:55+00:00,113,113,113,113,Update project video.js to 5.0.0-24,ModificationType.ADD,,16755,0,16755,0,vuejs/jsdelivr,jsdelivr,2b14e79210cfe96133aebd9a53cd25a233286f82,.js,470832,1,https://stackoverflow.com/q/470832
da3034ca5e4429816d1c674fefdf5eebe6bf0ab4,2013-08-03 20:19:18+03:00,2013-08-03 20:19:18+03:00,112,112,112,112,"New updates

bootstrap-tour, bootstrap.lightbox, camanjs, canjs, ckeditor, crafty,
curl.js, d3js, dojo, dustjs,",ModificationType.ADD,,10823,0,10823,0,walkermatt/jsdelivr,jsdelivr,5b1f6cb34f55cc93ba4afdf5afd5364b596d8e5c,.js,826782,1,https://stackoverflow.com/q/826782
3c23d8847ae13e2e333a84ed63f72c33c551832e,2013-10-21 18:30:18+03:00,2013-10-21 18:30:28+03:00,114,114,114,114,New submissions,ModificationType.ADD,,3273,0,3273,0,vuejs/jsdelivr,jsdelivr,b435d4aa029f6ac458376c8b357a838411b73694,.js,14853974,2,https://stackoverflow.com/a/14853974
a1334cc8c76dcc37b52a2081b9629e343989acb9,2015-05-28 18:14:55+00:00,2015-05-28 18:14:55+00:00,113,113,113,113,Update project video.js to 5.0.0-24,ModificationType.ADD,,16755,0,16755,0,vvo/jsdelivr,jsdelivr,077d3ab1c74ba694cf25cdcf4ebfbf1eb19c901a,.js,1444562,1,https://stackoverflow.com/q/1444562
39ede0794ba53abf5429ec4e7215214ce62adc74,2015-04-24 12:33:03+00:00,2015-04-24 12:33:03+00:00,113,113,113,113,Update project algoliasearch to 3.2.0,ModificationType.ADD,,2569,0,2569,0,vvo/jsdelivr,jsdelivr,5a1b50c82adbbb467760ca9503e30ead7d5eae6f,.js,398120,2,https://stackoverflow.com/a/398120
f4dcd08aac9b47a7be7a75758a2027c9662988d2,2014-02-18 19:23:55+09:00,2014-02-18 19:23:55+09:00,121,121,121,121,Add Portal,ModificationType.ADD,,1884,0,1884,0,vuejs/jsdelivr,jsdelivr,fb3fa48c0a6ea6cd358a63bf4a0e80b7f2f3ba98,.js,6453779,1,https://stackoverflow.com/q/6453779
8c354ec1561cdf0055c68eb1ea84637834b1fd84,2013-08-29 19:14:14+03:00,2013-08-29 19:14:24+03:00,112,112,112,112,"blueimp-gallery, fullcalendar, jquery.infinitescroll,noty, socket.io, video.js",ModificationType.ADD,,6067,0,6067,0,vuejs/jsdelivr,jsdelivr,0e49727fe51c5c719fd56244f2cd7fd8e3bd2ee5,.js,1444562,1,https://stackoverflow.com/q/1444562
8c354ec1561cdf0055c68eb1ea84637834b1fd84,2013-08-29 19:14:14+03:00,2013-08-29 19:14:24+03:00,112,112,112,112,"blueimp-gallery, fullcalendar, jquery.infinitescroll,noty, socket.io, video.js",ModificationType.ADD,,6067,0,6067,0,vuejs/jsdelivr,jsdelivr,6b18f172967b073076c83e8aab363b84996ca1fa,.js,1444562,1,https://stackoverflow.com/q/1444562
7ae85d81905700e53048888d227f3b196a39f716,2014-08-08 16:16:19+01:00,2014-08-08 16:16:19+01:00,113,113,113,113,Update project momentjs to 2.8.1,ModificationType.ADD,,9072,0,9072,0,vuejs/jsdelivr,jsdelivr,46fb822445780034208060782365fa380963b47a,.js,181348,1,https://stackoverflow.com/q/181348
7ace430585014239bcdadb317ebbd2bc320a714c,2013-02-25 17:20:37+02:00,2013-02-25 17:20:37+02:00,112,112,112,112,jsdb.io sync #2,ModificationType.ADD,,770,0,770,0,vvo/jsdelivr,jsdelivr,b14de5dd204442955ffdc57a6f9255163260a67b,.js,3755227,1,https://stackoverflow.com/q/3755227
24fc51dbde510f9071fb8b0dd6cac8e9a4225438,2013-03-29 17:50:25+02:00,2013-03-29 17:50:25+02:00,112,112,112,112,jquery.handsontable,ModificationType.ADD,,10156,0,10156,0,walkermatt/jsdelivr,jsdelivr,2fc9e82e7d060520781841784ec735c2a70fb034,.js,4643249,1,https://stackoverflow.com/q/4643249
a1334cc8c76dcc37b52a2081b9629e343989acb9,2015-05-28 18:14:55+00:00,2015-05-28 18:14:55+00:00,113,113,113,113,Update project video.js to 5.0.0-24,ModificationType.ADD,,16755,0,16755,0,walkermatt/jsdelivr,jsdelivr,8418ad755f855f23890018bc0fa30373d42e749a,.js,470832,1,https://stackoverflow.com/q/470832
acc9bf87c00d7dd447ce28b71eb8876515952971,2015-05-19 10:56:39+00:00,2015-05-19 10:56:39+00:00,113,113,113,113,Update project video.js to 5.0.0-17,ModificationType.ADD,,18142,0,18142,0,vvo/jsdelivr,jsdelivr,2ba281d1cbbc5f97096f0d2ae15899cce5268723,.js,3653444,1,https://stackoverflow.com/q/3653444
036a88b769150701b4aaa187807d5650a1a8a01d,2014-07-18 18:28:24+09:00,2014-07-18 18:28:24+09:00,116,116,116,116,update xe-core 1.7.5.3,ModificationType.ADD,,1198,0,1198,0,vvo/jsdelivr,jsdelivr,b10b215068d1fbca8be44de456a8688efca6fb6b,.js,1349404,1,https://stackoverflow.com/q/1349404
e105d34b7e8a0761c396b8630e2932b06e70c071,2014-04-03 17:35:34-07:00,2014-04-03 17:35:34-07:00,115,115,115,115,Add PouchDB 1.0.0-2.1.0,ModificationType.ADD,,5775,0,5775,0,walkermatt/jsdelivr,jsdelivr,cd7eece7b11bb4f578a6037cbfab0df1046dad0d,.js,417184,2,https://stackoverflow.com/a/417184
4cd3eea27ccea140f1f99348be064b328ee60cea,2015-03-25 16:02:41+00:00,2015-03-25 16:02:41+00:00,113,113,113,113,Update project algoliasearch to 3.0.0,ModificationType.ADD,,1619,0,1619,0,vvo/jsdelivr,jsdelivr,6fbfafe0d26414feed21529c3ae0dd0f0c081711,.js,236106,2,https://stackoverflow.com/a/236106
7a5b8dd68a30aaf72d1de34bc4fb4d07fa625511,2014-11-18 20:32:46+00:00,2014-11-18 20:32:46+00:00,118,118,118,118,Update project clappr to 0.0.60,ModificationType.ADD,,17814,0,17814,0,walkermatt/jsdelivr,jsdelivr,51114fa0388b9474af04c3886ae1eecdf371b495,.js,4285627,1,https://stackoverflow.com/q/4285627
24e4d364e4d04ebbb23950525509063dfa4bfd8d,2015-05-25 10:04:22+00:00,2015-05-25 10:04:22+00:00,113,113,113,113,Update project textAngular to 1.4.1,ModificationType.ADD,,2890,0,2890,0,vvo/jsdelivr,jsdelivr,cfc71449ba9cb2a124b83fc56a25b7583de0d14e,.js,6140632,1,https://stackoverflow.com/q/6140632
79daddf313856f29bd0c1399ff4fc78e98b2036c,2013-07-31 22:01:15+03:00,2013-07-31 22:01:15+03:00,112,112,112,112,"rainbow, js-redirection-mobile",ModificationType.ADD,,56,0,56,0,vvo/jsdelivr,jsdelivr,a01d6c32ce9528b3af954073ab3419092700d85f,.js,133601,1,https://stackoverflow.com/q/133601
3ca9ce4328c54b9f9d90b8207f3defe492f96f9c,2015-02-16 13:19:43+01:00,2015-02-16 13:19:43+01:00,2206,2206,2206,2206,update Cesium to 1.6,ModificationType.ADD,,229,0,229,0,vvo/jsdelivr,jsdelivr,3de32efe79eab68ebc782c2d47fd051e6216e8ce,.js,57803,1,https://stackoverflow.com/q/57803
46e0fbce32478ff50473c80c8b6b6655e080f38d,2015-02-20 16:04:48-08:00,2015-02-20 16:04:48-08:00,120,120,120,120,tablequeryjs - 0.1.6 (bug fixes),ModificationType.ADD,,7759,0,7759,0,vuejs/jsdelivr,jsdelivr,64c2daa071670fcef04f58a906d69d59284b77ae,.js,5947280,2,https://stackoverflow.com/a/5947280
a1334cc8c76dcc37b52a2081b9629e343989acb9,2015-05-28 18:14:55+00:00,2015-05-28 18:14:55+00:00,113,113,113,113,Update project video.js to 5.0.0-24,ModificationType.ADD,,16755,0,16755,0,walkermatt/jsdelivr,jsdelivr,faaf41f574e9a481c1f3de7770f30d2d56be2f9d,.js,470832,1,https://stackoverflow.com/q/470832
7a5b8dd68a30aaf72d1de34bc4fb4d07fa625511,2014-11-18 20:32:46+00:00,2014-11-18 20:32:46+00:00,118,118,118,118,Update project clappr to 0.0.60,ModificationType.ADD,,17814,0,17814,0,vvo/jsdelivr,jsdelivr,4dbea4c1dad40d0cc12124f8f347e14ec6906a25,.js,4285627,1,https://stackoverflow.com/q/4285627
8c354ec1561cdf0055c68eb1ea84637834b1fd84,2013-08-29 19:14:14+03:00,2013-08-29 19:14:24+03:00,112,112,112,112,"blueimp-gallery, fullcalendar, jquery.infinitescroll,noty, socket.io, video.js",ModificationType.ADD,,6067,0,6067,0,vuejs/jsdelivr,jsdelivr,39cd8387637fef1d9e6416bb4ac29d23b3ee1c05,.js,470832,1,https://stackoverflow.com/q/470832
a1334cc8c76dcc37b52a2081b9629e343989acb9,2015-05-28 18:14:55+00:00,2015-05-28 18:14:55+00:00,113,113,113,113,Update project video.js to 5.0.0-24,ModificationType.ADD,,16755,0,16755,0,vvo/jsdelivr,jsdelivr,ff9a141122afd8f8582df6f80b80e2c476bff036,.js,1444562,1,https://stackoverflow.com/q/1444562
19d2822ea735916fada1784b5ca65ec6d5e6a407,2013-09-10 19:25:08+03:00,2013-09-10 19:25:17+03:00,112,112,112,112,"angularjs, jquery.footable, jquery.sheetrock, webshim",ModificationType.ADD,,15158,0,15158,0,vvo/jsdelivr,jsdelivr,7f2339570ce0b984fd12a692f759b0a4c895a288,.js,472729,2,https://stackoverflow.com/a/472729
87d750d734993b94ff5b79e724d5e08694e168ef,2016-06-15 23:22:18+02:00,2016-06-15 23:22:18+02:00,9622,9622,9622,9622,Add vendor libraries,ModificationType.ADD,,127,0,127,0,Vultour/many-things-as-a-service,many-things-as-a-service,2e809fe9cd2f6925187c52bc69457f75bcade2dd,.php,8561604,2,https://stackoverflow.com/a/8561604
1dec0b4e94cec618e53ab08ba2dfc9dc03bb94f9,2015-07-22 17:01:56+05:18,2015-07-22 17:01:56+05:18,4208,4208,4208,4208,Health Logs related to new find in files workflow.,ModificationType.MODIFY,,26,1,26,1,wakermahmud/brackets,brackets,2378a8dd19554e2799416d56f7ae9cbd3befa6b6,.js,7616461,1,https://stackoverflow.com/q/7616461
15a8909367da758391e1b45280b63d859f3ac037,2015-07-22 18:08:39+05:18,2015-07-22 18:08:39+05:18,4209,4209,4209,4209,Fixed Error in API Doc Generation,ModificationType.MODIFY,1dec0b4e94cec618e53ab08ba2dfc9dc03bb94f9,2,2,1,1,wakermahmud/brackets,brackets,2378a8dd19554e2799416d56f7ae9cbd3befa6b6,.js,7616461,1,https://stackoverflow.com/q/7616461
f2e22665b6ca52706e4338996bc3896655c90e41,2017-06-13 13:57:51+03:00,2017-06-13 13:57:51+03:00,9623,9623,9623,9623,add frontend folder,ModificationType.ADD,,776,0,776,0,vvasilik/Vanilla-JS-libraries,Vanilla-JS-libraries,663d3248995311eca61093b7dd6f10fe3195a85a,.js,2261705,1,https://stackoverflow.com/q/2261705
4e65188cd621aa6c430dac9b7cbd8d5a7f168309,2013-11-05 13:26:31-05:00,2013-11-05 13:26:31-05:00,3138,3138,3138,3138,initial commit,ModificationType.ADD,,18,0,18,0,waako/openshift-ghost-mysql-quickstart,openshift-ghost-mysql-quickstart,2ab962eae4fd2d2e6809be8c74bab786191dfbf9,.js,1068308,2,https://stackoverflow.com/a/1068308
4e65188cd621aa6c430dac9b7cbd8d5a7f168309,2013-11-05 13:26:31-05:00,2013-11-05 13:26:31-05:00,3138,3138,3138,3138,initial commit,ModificationType.ADD,,18,0,18,0,waako/openshift-ghost-mysql-quickstart,openshift-ghost-mysql-quickstart,8ac67eb31737c297e11603fb7643d22751d4319b,.js,1068308,2,https://stackoverflow.com/a/1068308
5c01473a02a6dd98f8681098fbe3ba44e36efa8b,2015-05-13 10:35:30+02:00,2015-05-22 07:34:43+02:00,9625,9625,9624,9624,"Archetype for easy guja project creation, currently contains gae modules and a preliminary jetty module.",ModificationType.ADD,,31,0,31,0,Wadpam/guja,guja,97ec3fe19a7536fb212d256257e900a12aa066a9,.js,901115,1,https://stackoverflow.com/q/901115
7b9824c9bffb2af968d604f027da88c6d12e0bc4,2015-07-10 02:50:53-07:00,2015-07-10 02:50:53-07:00,9626,9626,9626,9626,"Added administration commands, included katex build, other small fixes",ModificationType.ADD,,8246,0,8246,0,wakashige/hack.chat,hack.chat,7ff56bf281afe693ebf70c6648ed569f78ba60de,.js,8460753,2,https://stackoverflow.com/a/8460753
1ca75eb4366b895228f35d35031426b2c10f8159,2017-07-04 09:06:32-03:00,2017-07-04 09:06:32-03:00,9371,9371,9371,9371,add node_modules,ModificationType.ADD,,4756,0,4756,0,vtlg/angulegis,angulegis,7106924934501fd4035efe78678281020328acc5,.js,398120,2,https://stackoverflow.com/a/398120
963ffe0c0face489b3a2d7c3400911b072bd8974,2015-12-05 21:29:46-08:00,2015-12-05 21:29:46-08:00,9627,9627,9627,9627,"Django skeleton added, virtual environment added",ModificationType.ADD,,1047,0,1047,0,Vvucinic/Wander,Wander,cb06b714d47005b33a77fe2ccaa9551e9454e634,.py,24572040,1,https://stackoverflow.com/q/24572040
15149b0562fc014495c77fa8a620e7876b137174,2013-11-30 21:56:27+02:00,2013-11-30 21:56:27+02:00,9628,9628,9628,9628,fixed a lot of things. added chat,ModificationType.ADD,,20282,0,20282,0,w3sami/slidangular,slidangular,41afab54ba4403d4fc8c65f68fe0b2b5709800ca,.js,472729,2,https://stackoverflow.com/a/472729
39c53dd005e6c89fd5a5e88b5e843b15a810f9ae,2015-06-18 14:12:00+08:00,2015-06-18 14:12:00+08:00,6770,6770,6770,6770,Updated API module to enable versioning; setup Swagger for API Doc page,ModificationType.ADD,,15,0,15,0,waifung0207/ci_bootstrap_3,ci_bootstrap_3,a3f544be6d9e873c16a1c8754cba7ecbcc4e8a2e,.js,19431552,2,https://stackoverflow.com/a/19431552
bd71489101cf5013aa9c8984270eee363b5290e0,2016-02-23 14:51:52+02:00,2016-02-23 14:51:52+02:00,9629,9629,9629,9629,Tell the weather,ModificationType.ADD,,60,0,60,0,vuquangtuan/botkit,botkit,1e2d55c36f6a21d2b776fc8cfd8db6d2a49ad7e4,.js,22747272,2,https://stackoverflow.com/a/22747272
6e0c9c80dbaa26d5900e357889a7978f46988b7e,2015-04-05 06:50:03-07:00,2015-04-05 06:50:03-07:00,9630,9630,9630,9630,Initial Commit,ModificationType.ADD,,1165,0,1165,0,walider89/evento,evento,fa67b1e8afb525d085f9fdf987c790e76e83c404,.php,7105433,1,https://stackoverflow.com/q/7105433
71e0f7c69cb7b6395bec82e4d040c9274ccfd882,2014-11-20 23:30:33-05:00,2014-11-20 23:30:33-05:00,9631,9631,9631,9631,"Add support for nested subpaths

For crossbario/crossbar#10",ModificationType.MODIFY,,215,180,215,180,w1z2g3/crossbar,crossbar,1dee740ecd2876c9bec437d6b1051b6e9eabadd4,.py,20433918,2,https://stackoverflow.com/a/20433918
85b7e18fdb815d6a608531c8a7d510cbff630b40,2015-01-11 20:05:59+01:00,2015-01-11 20:05:59+01:00,412,412,412,412,fix config check for serializers on WebSocket Web path service (fixes #162),ModificationType.MODIFY,71e0f7c69cb7b6395bec82e4d040c9274ccfd882,1,7,0,6,w1z2g3/crossbar,crossbar,1dee740ecd2876c9bec437d6b1051b6e9eabadd4,.py,20433918,2,https://stackoverflow.com/a/20433918
1382a66a4cecdc436315ccb916d925c0d3a8f59e,2015-02-06 23:08:51+01:00,2015-02-06 23:08:51+01:00,412,412,412,412,improve logging for WSGI resources,ModificationType.MODIFY,85b7e18fdb815d6a608531c8a7d510cbff630b40,22,15,8,7,w1z2g3/crossbar,crossbar,1dee740ecd2876c9bec437d6b1051b6e9eabadd4,.py,20433918,2,https://stackoverflow.com/a/20433918
fee33dba6f3d57b65c9cac37abb07e9d92a2e962,2015-02-12 18:15:55+01:00,2015-02-12 18:15:55+01:00,412,412,412,412,pep8: whitespace,ModificationType.MODIFY,1382a66a4cecdc436315ccb916d925c0d3a8f59e,491,517,12,38,w1z2g3/crossbar,crossbar,1dee740ecd2876c9bec437d6b1051b6e9eabadd4,.py,20433918,2,https://stackoverflow.com/a/20433918
fee33dba6f3d57b65c9cac37abb07e9d92a2e962,2015-02-12 18:15:55+01:00,2015-02-12 18:15:55+01:00,412,412,412,412,pep8: whitespace,ModificationType.MODIFY,fee33dba6f3d57b65c9cac37abb07e9d92a2e962,839,903,33,173,w1z2g3/crossbar,crossbar,1dee740ecd2876c9bec437d6b1051b6e9eabadd4,.py,20433918,2,https://stackoverflow.com/a/20433918
d17a0b19ca590df72ba5f50fd62f6577603a6d8c,2015-02-22 21:11:56+01:00,2015-02-22 21:11:56+01:00,412,412,412,412,refactor code,ModificationType.MODIFY,fee33dba6f3d57b65c9cac37abb07e9d92a2e962,174,433,0,18,w1z2g3/crossbar,crossbar,1dee740ecd2876c9bec437d6b1051b6e9eabadd4,.py,20433918,2,https://stackoverflow.com/a/20433918
23dcea322196dd652879f75849913cb273c68798,2015-03-06 16:10:00+08:00,2015-03-06 16:10:00+08:00,9632,9632,9632,9632,router style fixes,ModificationType.MODIFY,d17a0b19ca590df72ba5f50fd62f6577603a6d8c,1,2,1,1,w1z2g3/crossbar,crossbar,1dee740ecd2876c9bec437d6b1051b6e9eabadd4,.py,20433918,2,https://stackoverflow.com/a/20433918
7006f97c2d178d6658726b414ba0b97fa2534af6,2015-03-12 17:05:15+01:00,2015-03-12 17:05:15+01:00,412,412,412,412,renamed 'pusher' to 'publisher'; cosmetics,ModificationType.MODIFY,23dcea322196dd652879f75849913cb273c68798,24,24,8,8,w1z2g3/crossbar,crossbar,1dee740ecd2876c9bec437d6b1051b6e9eabadd4,.py,20433918,2,https://stackoverflow.com/a/20433918
617d426aec8e0ad413b3aad60fe7b3c8df77087c,2015-05-23 20:21:29+02:00,2015-05-23 20:21:29+02:00,412,412,412,412,private attribute naming,ModificationType.MODIFY,7006f97c2d178d6658726b414ba0b97fa2534af6,14,14,1,1,w1z2g3/crossbar,crossbar,1dee740ecd2876c9bec437d6b1051b6e9eabadd4,.py,20433918,2,https://stackoverflow.com/a/20433918
c0471ff288ce55a7b003551143f6219b3966057c,2015-12-06 18:15:35+01:00,2015-12-06 18:15:35+01:00,412,412,412,412,polish,ModificationType.MODIFY,617d426aec8e0ad413b3aad60fe7b3c8df77087c,112,157,1,1,w1z2g3/crossbar,crossbar,1dee740ecd2876c9bec437d6b1051b6e9eabadd4,.py,20433918,2,https://stackoverflow.com/a/20433918
6743fdba19da7504ee0f150ee0ebee7c35f8aa2d,2016-01-09 14:07:44+08:00,2016-01-09 14:07:44+08:00,9633,9633,9633,9633,make these tests pass,ModificationType.MODIFY,c0471ff288ce55a7b003551143f6219b3966057c,1,1,1,1,w1z2g3/crossbar,crossbar,1dee740ecd2876c9bec437d6b1051b6e9eabadd4,.py,20433918,2,https://stackoverflow.com/a/20433918
cc49c454d31cd77ee2516f161b1060a3141e8680,2016-07-16 22:36:37-06:00,2016-07-16 22:36:37-06:00,9634,9634,9634,9634,alpha version of IoT system,ModificationType.ADD,,126,0,126,0,vuinguyen/SocketIO-IoT-System,SocketIO-IoT-System,eeefaa917617dcd3bc4049a3d2ec25d34b9ce947,.js,13216903,1,https://stackoverflow.com/q/13216903
15690c57b61d93242b89da9f764c899c95c3412b,2015-05-04 16:51:39+07:00,2015-05-04 16:51:39+07:00,9635,9635,9635,9635,frist commit,ModificationType.ADD,,356,0,356,0,vuhuytuan89/wordpress,wordpress,270e0165696a14db420f8b24c853a2bd12c837b4,.php,5879043,1,https://stackoverflow.com/q/5879043
6fca32031e2d12bae9c1128f00767a33291e04ea,2015-02-06 21:51:06+06:00,2015-02-06 21:51:06+06:00,9636,9636,9636,9636,complete hometask,ModificationType.ADD,,438,0,438,0,WakilaFarzan/laravel_clss,laravel_clss,cd3a0b3c8a13c41daa156e2b2ece9dfd59240086,.js,2200494,1,https://stackoverflow.com/q/2200494
f61ded267d54db580ab249251794893dc10c45fe,2016-12-15 15:42:53-05:00,2016-12-15 15:42:53-05:00,9637,9637,643,643,"Form attribute support (#802)

- Use form=""id"" attribute to simplify form markup
- Includes polyfill for legacy browsers",ModificationType.ADD,,68,0,68,0,vufind-org/vufind,vufind,000a63e44a514347257609c804fc854fa0afbb94,.js,26696165,2,https://stackoverflow.com/a/26696165
8e511ca787be991a3848049992e78a2f4d07c33f,2015-08-26 13:38:40-04:00,2015-08-26 13:38:40-04:00,8955,8955,643,643,"Removed legacy support from DAIA driver
* xml gets converted to json
* changed signature of DAIA driver: instantiated with DateConverter
* refactored DAIA code for more hooks for customize modules
* several bugfixes
* reports always success to Autoconfigure ILS-Test querying id ""1"" (not a valid DAIA id)",ModificationType.MODIFY,,419,832,419,832,vufind-org/vufind,vufind,387986a68e6f5af76cc6656f2bc04f991bccc9b1,.php,20506281,2,https://stackoverflow.com/a/20506281
fccd463937e03c07a4409875875d0f2c54073d49,2015-08-26 13:39:44-04:00,2015-08-26 13:39:44-04:00,8956,8956,643,643,"DAIA driver bug fixes
- Fix handling of labels
- Ignore records with no 'item'",ModificationType.MODIFY,8e511ca787be991a3848049992e78a2f4d07c33f,14,6,5,3,vufind-org/vufind,vufind,387986a68e6f5af76cc6656f2bc04f991bccc9b1,.php,20506281,2,https://stackoverflow.com/a/20506281
e54642b8fd9127899ee8da8cefc13c1d920a416f,2015-08-28 09:15:59-04:00,2015-08-28 09:15:59-04:00,643,643,643,643,Favor single over double quotes.,ModificationType.MODIFY,fccd463937e03c07a4409875875d0f2c54073d49,77,77,51,51,vufind-org/vufind,vufind,387986a68e6f5af76cc6656f2bc04f991bccc9b1,.php,20506281,2,https://stackoverflow.com/a/20506281
bee3e36cf9d8ad7f8f67e25ddf8badceea322b6c,2015-08-28 12:27:52-04:00,2015-08-28 12:27:52-04:00,643,643,643,643,Removed unused variables.,ModificationType.MODIFY,e54642b8fd9127899ee8da8cefc13c1d920a416f,1,2,1,1,vufind-org/vufind,vufind,387986a68e6f5af76cc6656f2bc04f991bccc9b1,.php,20506281,2,https://stackoverflow.com/a/20506281
a4a90867d1703305ad270091229b27f6dc5e8e90,2015-10-12 10:24:56+02:00,2015-10-12 10:24:56+02:00,8957,8957,8957,8957,Fixed typo in comment,ModificationType.MODIFY,bee3e36cf9d8ad7f8f67e25ddf8badceea322b6c,1,2,1,2,vufind-org/vufind,vufind,387986a68e6f5af76cc6656f2bc04f991bccc9b1,.php,20506281,2,https://stackoverflow.com/a/20506281
0498863f3a2a28f797d524168d3ca49df0d32331,2016-01-21 13:14:28-05:00,2016-01-21 13:16:38-05:00,8955,8955,643,643,Split notes in ILS driver output into holdings_notes and item_notes.,ModificationType.MODIFY,a4a90867d1703305ad270091229b27f6dc5e8e90,39,36,35,36,vufind-org/vufind,vufind,387986a68e6f5af76cc6656f2bc04f991bccc9b1,.php,20506281,2,https://stackoverflow.com/a/20506281
014125f36856a7626d79a07a46f92d9478275d0a,2016-02-23 13:33:23-05:00,2016-02-23 13:33:23-05:00,8955,8955,643,643,"Initial implementation of 'services' for ILS statuses.
- Provides a more granular mechanism than the availability boolean for conveying status information for the summary view.
- Currently supported by DAIA and Demo drivers.",ModificationType.MODIFY,0498863f3a2a28f797d524168d3ca49df0d32331,64,18,24,12,vufind-org/vufind,vufind,387986a68e6f5af76cc6656f2bc04f991bccc9b1,.php,20506281,2,https://stackoverflow.com/a/20506281
c51b780566d004d802dc8855d2eb21b1fafa8ce3,2016-07-13 10:06:54-04:00,2016-07-13 10:06:54-04:00,643,643,643,643,php-cs-fixer,ModificationType.MODIFY,014125f36856a7626d79a07a46f92d9478275d0a,1,1,1,1,vufind-org/vufind,vufind,387986a68e6f5af76cc6656f2bc04f991bccc9b1,.php,20506281,2,https://stackoverflow.com/a/20506281
a3606d7f029ab52c30a677c488bbb97f833cc924,2016-09-08 16:27:38+02:00,2016-09-08 10:27:38-04:00,8958,8958,643,643,changes isset function to empty function for expected date (#792),ModificationType.MODIFY,c51b780566d004d802dc8855d2eb21b1fafa8ce3,1,1,1,1,vufind-org/vufind,vufind,387986a68e6f5af76cc6656f2bc04f991bccc9b1,.php,20506281,2,https://stackoverflow.com/a/20506281
38d2e77c30a313a9e72264c65b070570493b0d7f,2016-09-12 18:04:05+02:00,2016-09-12 12:04:05-04:00,8959,8959,643,643,Updated DAIA and new PAIA ILS-driver (#729),ModificationType.MODIFY,a3606d7f029ab52c30a677c488bbb97f833cc924,424,96,280,71,vufind-org/vufind,vufind,387986a68e6f5af76cc6656f2bc04f991bccc9b1,.php,20506281,2,https://stackoverflow.com/a/20506281
92c110764b98e70bf9dff2b443a908ab5eb37845,2016-09-14 14:14:20+02:00,2016-09-14 08:14:20-04:00,8959,8959,643,643,Added timeout settings to DAIA and PAIA drivers (#793),ModificationType.MODIFY,38d2e77c30a313a9e72264c65b070570493b0d7f,12,1,1,1,vufind-org/vufind,vufind,387986a68e6f5af76cc6656f2bc04f991bccc9b1,.php,20506281,2,https://stackoverflow.com/a/20506281
27d3d0bd383d7b79f6544a784d5c04708e0ec050,2016-12-22 11:45:50-05:00,2016-12-22 11:45:50-05:00,643,643,643,643,More unused variable cleanup.,ModificationType.MODIFY,92c110764b98e70bf9dff2b443a908ab5eb37845,0,1,0,1,vufind-org/vufind,vufind,387986a68e6f5af76cc6656f2bc04f991bccc9b1,.php,20506281,2,https://stackoverflow.com/a/20506281
65df325eaa501ee086153cbc84ce33008fb9d60e,2017-01-27 09:21:04-05:00,2017-01-27 09:21:04-05:00,643,643,643,643,Upgrade PHP_CodeSniffer.,ModificationType.MODIFY,27d3d0bd383d7b79f6544a784d5c04708e0ec050,2,1,2,1,vufind-org/vufind,vufind,387986a68e6f5af76cc6656f2bc04f991bccc9b1,.php,20506281,2,https://stackoverflow.com/a/20506281
79c9a39ecf971cc736369749d4f874d38c7efa6b,2017-10-19 13:26:43-04:00,2017-10-19 13:26:43-04:00,643,643,643,643,Normalize style: no space when casting.,ModificationType.MODIFY,65df325eaa501ee086153cbc84ce33008fb9d60e,1,1,1,1,vufind-org/vufind,vufind,387986a68e6f5af76cc6656f2bc04f991bccc9b1,.php,20506281,2,https://stackoverflow.com/a/20506281
3e37b86a3e94d97bcc71cac62f20202c740c466a,2017-10-19 14:23:23-04:00,2017-10-19 14:23:23-04:00,643,643,643,643,Style fix: remove extra parentheses.,ModificationType.MODIFY,79c9a39ecf971cc736369749d4f874d38c7efa6b,5,5,4,4,vufind-org/vufind,vufind,387986a68e6f5af76cc6656f2bc04f991bccc9b1,.php,20506281,2,https://stackoverflow.com/a/20506281
04b7324affaaae7ae3aedaca233ad5f336d327fb,2018-03-14 13:30:27-04:00,2018-03-14 13:30:27-04:00,643,643,37,37,Add php-cs-fixer rule for null coalescing (#1144),ModificationType.MODIFY,3e37b86a3e94d97bcc71cac62f20202c740c466a,2,3,2,3,vufind-org/vufind,vufind,387986a68e6f5af76cc6656f2bc04f991bccc9b1,.php,20506281,2,https://stackoverflow.com/a/20506281
62b9cee03f4fec760c5c8c7adbbd6afd7afe16b4,2018-10-17 14:50:27+02:00,2018-10-17 08:50:27-04:00,9638,9638,643,643,"Fix some typos in comments (found by codespell) (#1249)

Signed-off-by: Stefan Weil <sw@weilnetz.de>",ModificationType.MODIFY,04b7324affaaae7ae3aedaca233ad5f336d327fb,1,1,1,1,vufind-org/vufind,vufind,387986a68e6f5af76cc6656f2bc04f991bccc9b1,.php,20506281,2,https://stackoverflow.com/a/20506281
48e58f3778084a0ba2e0946b862ecc245dd71843,2019-09-19 14:21:03+02:00,2019-09-19 08:21:03-04:00,9639,9639,643,643,"Fixes syntax error in HTTP header. Now correctly says ""Content-type"". (#1434)

- cf. https://tools.ietf.org/html/rfc2616#section-14.17",ModificationType.MODIFY,62b9cee03f4fec760c5c8c7adbbd6afd7afe16b4,1,1,1,1,vufind-org/vufind,vufind,387986a68e6f5af76cc6656f2bc04f991bccc9b1,.php,20506281,2,https://stackoverflow.com/a/20506281
da4566968ca6203657b09df6693461d9fb060ff9,2015-08-09 17:15:06-04:00,2015-08-09 17:15:06-04:00,9640,9640,9640,9640,new content,ModificationType.ADD,,5327,0,5327,0,wagnertech/wagnertech.github.io,wagnertech.github.io,941bbcddee02d83fb3f7b974d1b27266a61e3d65,.js,2684561,2,https://stackoverflow.com/a/2684561
ba45708c9ddd864ba49ad6c9c25e4466352829f8,2014-09-08 13:04:34-05:00,2014-09-08 13:04:34-05:00,9641,9641,9641,9641,create new item works now,ModificationType.ADD,,9156,0,9156,0,vu-isis/isis-ui-components,isis-ui-components,202450ae3dcce609dd955220e4132af08dbb0ad2,.js,3561493,1,https://stackoverflow.com/q/3561493
939995678593cd810cf6359f50246f24a6836b8c,2015-02-17 13:15:15-06:00,2015-02-17 13:15:15-06:00,9642,9642,9642,9642,dependency clenaup done,ModificationType.MODIFY,ba45708c9ddd864ba49ad6c9c25e4466352829f8,788,152,247,152,vu-isis/isis-ui-components,isis-ui-components,202450ae3dcce609dd955220e4132af08dbb0ad2,.js,3561493,1,https://stackoverflow.com/q/3561493
1e8a87cd86f71cab5924e7eb6321dc119fabaa70,2015-02-22 16:12:35-05:00,2015-02-22 16:12:35-05:00,9643,9643,9643,9643,stemcells,ModificationType.ADD,,2608,0,2608,0,walgheraibi/StemCells,StemCells,12b238e73bbe6704d82bce29e24f7a739598ea29,.js,4169160,1,https://stackoverflow.com/q/4169160
88c7a05853f450608eb87110040796cd88e9195c,2017-09-25 00:26:18-04:00,2017-09-25 00:26:18-04:00,9644,9644,9644,9644,first commit,ModificationType.ADD,,2049,0,2049,0,Vumz/Vumz.github.io,Vumz.github.io,27fce06bbd538c3d36262c84c579f46381241bc6,.js,7264899,1,https://stackoverflow.com/q/7264899
88c7a05853f450608eb87110040796cd88e9195c,2017-09-25 00:26:18-04:00,2017-09-25 00:26:18-04:00,9644,9644,9644,9644,first commit,ModificationType.ADD,,2627,0,2627,0,Vumz/Vumz.github.io,Vumz.github.io,5b477c0124eaf299f1b099afbfc3b1bf1a45399c,.js,8455200,1,https://stackoverflow.com/q/8455200
fe00a92e2b29aa307348c1d403c878b9212f8f1e,2015-01-10 23:43:35+06:00,2015-01-10 23:43:35+06:00,9636,9636,9636,9636,starting javascript- dropdown/alert,ModificationType.ADD,,16015,0,16015,0,WakilaFarzan/Bootstrap,Bootstrap,0aead7c3b854926a4ac7a7c5ded03f6417523d4b,.js,10488033,1,https://stackoverflow.com/q/10488033
cd30d70cbbe476ecabf88a2f5e7bb877d22cfe85,2015-08-06 11:03:21-04:00,2015-08-10 12:16:00-04:00,9645,9645,9645,9645,"MIT App Inventor Responsive Design

Update minSdk to 4. Start of support for Tablets and devices that have
different screen sizes and resolutions.

Add support for specifying UI element sizes as a percentage of the
screen size as well as pixels. Note: Pixels are now really “dips” aka
Density Independent Pixels.

Author: Jeffrey I. Schiller <jis@mit.edu>
Author: josmas <josmasflores@gmail.com>
Author: Ryan Cheu <ryancheu@mit.edu>

Change-Id: Ia7640d4b5e9cf16bda9fc7be2cac6521ee5611a3",ModificationType.ADD,,131,0,131,0,wadleo/appinventor-sources,appinventor-sources,18dc6054a841d72549964edfffdfc09d77031f6b,.java,17512853,2,https://stackoverflow.com/a/17512853
66a0d945f1203ca1bf35d89f20adb7c1eb02877f,2013-02-14 14:43:47+08:00,2013-02-14 14:43:47+08:00,9646,9646,9646,9646,initial,ModificationType.ADD,,193,0,193,0,w3ird0/stickynotes,stickynotes,7389e608b4df3f9fb6d1afd4961884ca1a0fd81f,.php,738823,1,https://stackoverflow.com/q/738823
cb684e771f1fbd261a0f903488207d72a21fc440,2016-06-26 12:41:13+02:00,2016-06-26 12:41:13+02:00,9647,9647,9647,9647,Published the server project,ModificationType.ADD,,3577,0,3577,0,vzhikserg/GoHappy,GoHappy,61c2a0e22df037ed7ed2cf9dc277655d16d43fbc,.js,5908494,1,https://stackoverflow.com/q/5908494
2afe8455959b163e6a99b69d737283a7f3619a30,2017-09-25 14:56:07-03:00,2017-09-25 14:56:07-03:00,9648,9648,9648,9648,initial project version,ModificationType.ADD,,28,0,28,0,Walesson/angular2-movie-app,angular2-movie-app,71fb8305b93a831d62a586fdace971632dd427e2,.js,1068308,2,https://stackoverflow.com/a/1068308
2afe8455959b163e6a99b69d737283a7f3619a30,2017-09-25 14:56:07-03:00,2017-09-25 14:56:07-03:00,9648,9648,9648,9648,initial project version,ModificationType.ADD,,28,0,28,0,Walesson/angular2-movie-app,angular2-movie-app,71fb8305b93a831d62a586fdace971632dd427e2,.js,1068308,2,https://stackoverflow.com/a/1068308
2afe8455959b163e6a99b69d737283a7f3619a30,2017-09-25 14:56:07-03:00,2017-09-25 14:56:07-03:00,9648,9648,9648,9648,initial project version,ModificationType.ADD,,100,0,100,0,Walesson/angular2-movie-app,angular2-movie-app,c4e12cabbe9a46da5deb001061516d5275424465,.js,14676665,2,https://stackoverflow.com/a/14676665
